FECHA,DEM,TMAX,TMIN,FEST,ANNO,MES,DIA,DIASEM
01/01/2017,1666.40725,8.27610188523495,3.04227656890437,1,2017,1,1,1
02/01/2017,1778.074,2.8,-0.6,0,2017,1,2,2
03/01/2017,1888.42375,2.3,3.41924559421455,0,2017,1,3,3
04/01/2017,1917.975,6.6,0.1,0,2017,1,4,4
05/01/2017,1884.7265,7.1,3.79621461952473,0,2017,1,5,5
06/01/2017,1960.8595,5.1,3.98469913217982,0,2017,1,6,6
07/01/2017,1877.717,9.02863889237229,-3.8,0,2017,1,7,7
08/01/2017,1704.27525,8.2,1,0,2017,1,8,1
09/01/2017,1804.965,8.1,5.4,0,2017,1,9,2
10/01/2017,1799.27525,8,4.7,0,2017,1,10,3
11/01/2017,1754.95225,11.2,5.1,0,2017,1,11,4
12/01/2017,1724.45575,10,3.82143093241064,0,2017,1,12,5
13/01/2017,1781.3035,8.6,1.6,0,2017,1,13,6
14/01/2017,1700.666,5.1,1.7,0,2017,1,14,7
15/01/2017,1670.59375,4.9,1.1,0,2017,1,15,1
16/01/2017,1833.788,3.7,3.54002876247123,0,2017,1,16,2
17/01/2017,1959.42175,2.7,-2.3,0,2017,1,17,3
18/01/2017,2045.708,0.8,-3.5,0,2017,1,18,4
19/01/2017,2067.95925,0.6,-3.3,0,2017,1,19,5
20/01/2017,2045.362,1.4,-2.8,0,2017,1,20,6
21/01/2017,1897.15925,2.5,-4.8,0,2017,1,21,7
22/01/2017,1819.5305,5.4,-2.1,0,2017,1,22,1
23/01/2017,1960.0835,2.4,-1.7,0,2017,1,23,2
24/01/2017,2004.0275,2.9,-2.2,0,2017,1,24,3
25/01/2017,2034.2895,0.8,2.79490477154667,0,2017,1,25,4
26/01/2017,2021.70225,2.7,-4.9,0,2017,1,26,5
27/01/2017,1898.74725,8.04030641015608,-0.5,0,2017,1,27,6
28/01/2017,1627.2715,9.6,2.41589948125078,0,2017,1,28,7
29/01/2017,1549.11025,7.5,2.5,0,2017,1,29,1
30/01/2017,1677.09675,11.3,6.4,0,2017,1,30,2
31/01/2017,1608.98175,13.2,10.3,0,2017,1,31,3
01/02/2017,1577.97125,12.7,1.91055909418959,0,2017,2,1,4
02/02/2017,1567.72775,12.6,7.7,0,2017,2,2,5
03/02/2017,1579.47225,12.4,1.8823978118721,0,2017,2,3,6
04/02/2017,1484.7785,8.3,1.9805716263199,0,2017,2,4,7
05/02/2017,1453.02625,11.5,4.5,0,2017,2,5,1
06/02/2017,1662.48675,9,5.1,0,2017,2,6,2
07/02/2017,1651.673,11.4,5.3,0,2017,2,7,3
08/02/2017,1691.0665,8.9,2.3732668841111,0,2017,2,8,4
09/02/2017,1750.75275,6.8,2.4714406985589,0,2017,2,9,5
10/02/2017,1762.9365,4.7,2.5696145130067,0,2017,2,10,6
11/02/2017,1673.639,9.37153741618542,-0.3,0,2017,2,11,7
12/02/2017,1549.09475,9.47327723724246,0,0,2017,2,12,1
13/02/2017,1616.61725,10.2,3.2,0,2017,2,13,2
14/02/2017,1590.54575,12.9,4.1,0,2017,2,14,3
15/02/2017,1524.56225,16.9,6.7,0,2017,2,15,4
16/02/2017,1521.917,13.8,3.15865739969351,0,2017,2,16,5
17/02/2017,1521.21725,11.6,3.25683121414131,0,2017,2,17,6
18/02/2017,1407.502,11.8,2.7,0,2017,2,18,7
19/02/2017,1377.12375,12.4,1.9,0,2017,2,19,1
20/02/2017,1519.14275,10.2871958056988,8.2,0,2017,2,20,2
21/02/2017,1491.6105,10.3889356267558,10.3,0,2017,2,21,3
22/02/2017,1476.87775,12.4,5.3,0,2017,2,22,4
23/02/2017,1492.3535,12.7,3.84587410082811,0,2017,2,23,5
24/02/2017,1512.16675,10.7,3.94404791527591,0,2017,2,24,6
25/02/2017,1435.19325,11.9,1.2,0,2017,2,25,7
26/02/2017,1336.17225,12.7,6.1,0,2017,2,26,1
27/02/2017,1501.79125,12.4,4.23856935861931,0,2017,2,27,2
28/02/2017,1587.94675,9,4.5,0,2017,2,28,3
01/03/2017,1598.978,11.8,5.9,0,2017,3,1,4
02/03/2017,1518.3745,12.6,5.8,0,2017,3,2,5
03/03/2017,1473.7795,15.6,6.3,0,2017,3,3,6
04/03/2017,1365.47625,13.5,4.72943843085832,0,2017,3,4,7
05/03/2017,1369.70475,10.1,4.5,0,2017,3,5,1
06/03/2017,1554.22425,8.8,4,0,2017,3,6,2
07/03/2017,1587.737,10.4,6.1,0,2017,3,7,3
08/03/2017,1547.14125,13.9,5.9,0,2017,3,8,4
09/03/2017,1441.959,15,5.22030750309732,0,2017,3,9,5
10/03/2017,1390.76475,14.1,5.31848131754512,0,2017,3,10,6
11/03/2017,1235.99175,17.8,5.1,0,2017,3,11,7
12/03/2017,1187.6775,17.5,8,0,2017,3,12,1
13/03/2017,1362.40375,16.1,8.2,0,2017,3,13,2
14/03/2017,1398.19325,15.6,6.4,0,2017,3,14,3
15/03/2017,1376.1545,15.7,9.8,0,2017,3,15,4
16/03/2017,1343.516,20.4,8.2,0,2017,3,16,5
17/03/2017,1320.86075,16.9,8.1,0,2017,3,17,6
18/03/2017,1228.9085,15.4,7.2,0,2017,3,18,7
19/03/2017,1148.563,13.7,11.2,0,2017,3,19,1
20/03/2017,1327.22775,12.8,10.1,0,2017,3,20,2
21/03/2017,1378.7915,12,6.20888499817797,0,2017,3,21,3
22/03/2017,1432.732,13.7,4.7,0,2017,3,22,4
23/03/2017,1446.4345,14.1,6.3,0,2017,3,23,5
24/03/2017,1437.19875,14.2,7.8,0,2017,3,24,6
25/03/2017,1254.617,18.9,6.8,0,2017,3,25,7
26/03/2017,1111.118,18.6,7.8,0,2017,3,26,1
27/03/2017,1285.742,19.3,8.4,0,2017,3,27,2
28/03/2017,1279.24325,18.9,8.3,0,2017,3,28,3
29/03/2017,1259.99625,20.7,7.9,0,2017,3,29,4
30/03/2017,1220.7945,23.7,10,0,2017,3,30,5
31/03/2017,1191.702,20.4,6.71685244692356,0,2017,3,31,6
01/04/2017,1120.98,17.5,9.3,0,2017,4,1,7
02/04/2017,1099.41,18.7,9.2,0,2017,4,2,1
03/04/2017,1248.75225,20.2,8.4,0,2017,4,3,2
04/04/2017,1262.25275,17.5,10,0,2017,4,4,3
05/04/2017,1266.11525,15.8,8.1,0,2017,4,5,4
06/04/2017,1285.07375,15.2,6.8,0,2017,4,6,5
07/04/2017,1274.84925,19.3,6.6,0,2017,4,7,6
08/04/2017,1098.63525,21.9,8.6,0,2017,4,8,7
09/04/2017,1000.70225,26.5,9.5,0,2017,4,9,1
10/04/2017,1156.30775,22.6,7.22481989566915,0,2017,4,10,2
11/04/2017,1207.14375,17.3,7.1,0,2017,4,11,3
12/04/2017,1216.0095,19,7.5,0,2017,4,12,4
13/04/2017,1222.184,16.4,8.4,0,2017,4,13,5
14/04/2017,1201.555,17.2,10.4,1,2017,4,14,6
15/04/2017,1103.574,16.1,9.2,0,2017,4,15,7
16/04/2017,1041.9015,14.6,7.5,0,2017,4,16,1
17/04/2017,1073.114,14.9,7.58039710979107,1,2017,4,17,2
18/04/2017,1269.037,12.4,4.4,0,2017,4,18,3
19/04/2017,1334.5645,12.6,3.5,0,2017,4,19,4
20/04/2017,1364.66125,14.2,1.9,0,2017,4,20,5
21/04/2017,1328.19975,18.9,4.8,0,2017,4,21,6
22/04/2017,1156.86275,16.7,8.46252727709313,0,2017,4,22,7
23/04/2017,1074.03725,15.9,5.8,0,2017,4,23,1
24/04/2017,1231.43125,17.6,5.7,0,2017,4,24,2
25/04/2017,1284.929,15.7,5.5,0,2017,4,25,3
26/04/2017,1364.47575,10.4,3.7,0,2017,4,26,4
27/04/2017,1412.2255,11.9,3.2,0,2017,4,27,5
28/04/2017,1395.38275,14.8,5.6,0,2017,4,28,6
29/04/2017,1201.9135,19.1,6,0,2017,4,29,7
30/04/2017,1097.00775,19.9,7.6,0,2017,4,30,1
01/05/2017,1098.47425,16.3,7.4,1,2017,5,1,2
02/05/2017,1291.94375,17.7,7.7,0,2017,5,2,3
03/05/2017,1316.163,15.2,10.1476334737397,0,2017,5,3,4
04/05/2017,1300.509,17.5,8.4,0,2017,5,4,5
05/05/2017,1250.3015,18.8,8.6,0,2017,5,5,6
06/05/2017,1118.27925,18,11.5,0,2017,5,6,7
07/05/2017,1046.366,14.5,10.3,0,2017,5,7,1
08/05/2017,1085.21475,12.7,9.6,1,2017,5,8,2
09/05/2017,1223.33625,17.5,5.8,0,2017,5,9,3
10/05/2017,1216.29525,22.1,6.9,0,2017,5,10,4
11/05/2017,1203.882,21.5,13.4,0,2017,5,11,5
12/05/2017,1173.724,22.3,10.8,0,2017,5,12,6
13/05/2017,1034.93875,20.7,11.1,0,2017,5,13,7
14/05/2017,963.16575,20.5,11.4,0,2017,5,14,1
15/05/2017,1131.44275,24.9,11.2,0,2017,5,15,2
16/05/2017,1140.065,28.4,15.3,0,2017,5,16,3
17/05/2017,1136.75225,29.7,11.4248904755684,0,2017,5,17,4
18/05/2017,1145.36575,22.4,11.5161231185562,0,2017,5,18,5
19/05/2017,1135.019,17.4,11.607355761544,0,2017,5,19,6
20/05/2017,1022.579,19,7.1,0,2017,5,20,7
21/05/2017,951.547,22.8,9.6,0,2017,5,21,1
22/05/2017,1109.98675,26.5,12.1,0,2017,5,22,2
23/05/2017,1127.70075,24.9,14.5,0,2017,5,23,3
24/05/2017,1128.50575,25.4,15.6,0,2017,5,24,4
25/05/2017,972.9975,27.5,16,1,2017,5,25,5
26/05/2017,1021.06375,28.8,16.5,0,2017,5,26,6
27/05/2017,977.338,31.2,17.8,0,2017,5,27,7
28/05/2017,929.92975,22.51494832903,12.4284495484338,0,2017,5,28,1
29/05/2017,1119.02025,22.6079326085347,12.5196821914216,0,2017,5,29,2
30/05/2017,1144.2525,22.9,16.6,0,2017,5,30,3
31/05/2017,1146.64525,22.7939011675441,14.4,0,2017,5,31,4
01/06/2017,1154.485,28.3,15.6,0,2017,6,1,5
02/06/2017,1149.0355,28.1,18.8,0,2017,6,2,6
03/06/2017,1005.1265,21,12.9,0,2017,6,3,7
04/06/2017,904.7275,20.2,11,0,2017,6,4,1
05/06/2017,943.44275,24.3,12.4,1,2017,6,5,2
06/06/2017,1086.96075,20.7,13.2495433353237,0,2017,6,6,3
07/06/2017,1107.27425,20.5,10.5,0,2017,6,7,4
08/06/2017,1130.8965,28,12.1,0,2017,6,8,5
09/06/2017,1123.995,26.4,15.6,0,2017,6,9,6
10/06/2017,1008.617,28,15.2,0,2017,6,10,7
11/06/2017,950.1415,29.9,16.3,0,2017,6,11,1
12/06/2017,1127.469,25.8,14.1,0,2017,6,12,2
13/06/2017,1171.64475,24.7,12.9,0,2017,6,13,3
14/06/2017,1181.08975,30,16.7,0,2017,6,14,4
15/06/2017,1188.29575,28.9,14.0706371222136,0,2017,6,15,5
16/06/2017,1163.0235,25.5,14,0,2017,6,16,6
17/06/2017,1037.21125,28.2,15.4,0,2017,6,17,7
18/06/2017,977.465,30.5,19.3,0,2017,6,18,1
19/06/2017,1187.0785,34.4,18.9,0,2017,6,19,2
20/06/2017,1236.53425,34.6,21.2,0,2017,6,20,3
21/06/2017,1252.78975,36.9,23.4,0,2017,6,21,4
22/06/2017,1251.29075,35.1,14.709265623128,0,2017,6,22,5
23/06/2017,1201.00075,26.9,16.5,0,2017,6,23,6
24/06/2017,1048.8725,26,16.8,0,2017,6,24,7
25/06/2017,970.66125,27.5,18.6,0,2017,6,25,1
26/06/2017,1162.94125,25.2114924346659,17,0,2017,6,26,2
27/06/2017,1187.38825,26.7,19.6,0,2017,6,27,3
28/06/2017,1153.647,24.4,16.9,0,2017,6,28,4
29/06/2017,1130.6225,22.4,15.3478941240423,0,2017,6,29,5
30/06/2017,1118.325,20.4,14,0,2017,6,30,6
01/07/2017,995.22275,21.1,14.6,0,2017,7,1,7
02/07/2017,944.1025,23.5,13.5,0,2017,7,2,1
03/07/2017,1115.132,24.8,14.8,0,2017,7,3,2
04/07/2017,1158.81025,29.1,14.9,0,2017,7,4,3
05/07/2017,1179.6205,32.8,17.4,0,2017,7,5,4
06/07/2017,1199.78775,35.2,20.2,0,2017,7,6,5
07/07/2017,1201.78375,33.5,21.8,0,2017,7,7,6
08/07/2017,1060.261,31.7,19,0,2017,7,8,7
09/07/2017,976.69675,29.5,16.0234281752579,0,2017,7,9,1
10/07/2017,1133.8505,25.2,16.3,0,2017,7,10,2
11/07/2017,1151.6005,25,14.7,0,2017,7,11,3
12/07/2017,1169.62575,23.3,16.5,0,2017,7,12,4
13/07/2017,1160.53875,25.4,15.5,0,2017,7,13,5
14/07/2017,996.18075,23.2,15.1,1,2017,7,14,6
15/07/2017,990.77475,25.8,14.1,0,2017,7,15,7
16/07/2017,964.0885,29.2,18.8,0,2017,7,16,1
17/07/2017,1162.37025,30.1,17.9,0,2017,7,17,2
18/07/2017,1198.78225,33.9,19.5,0,2017,7,18,3
19/07/2017,1193.49075,31.7,23.1,0,2017,7,19,4
20/07/2017,1159.70075,25.5,16.701397727463,0,2017,7,20,5
21/07/2017,1143.56375,25.3,14.7,0,2017,7,21,6
22/07/2017,1010.892,24,16.7707005658623,0,2017,7,22,7
23/07/2017,937.7925,21.9,13.7,0,2017,7,23,1
24/07/2017,1099.50725,20.9,13.8,0,2017,7,24,2
25/07/2017,1124.42075,22,15.8,0,2017,7,25,3
26/07/2017,1125.5975,24.1,13,0,2017,7,26,4
27/07/2017,1125.56875,22.1,16.809046779584,0,2017,7,27,5
28/07/2017,1104.02725,23.3,16.1,0,2017,7,28,6
29/07/2017,990.29025,28.9,18.3,0,2017,7,29,7
30/07/2017,923.7645,26.8,16.832054507817,0,2017,7,30,1
31/07/2017,1064.7825,24.1,14.7,0,2017,7,31,2
01/08/2017,1092.6885,26.8,16.7,0,2017,8,1,3
02/08/2017,1096.5885,30.1,17.2,0,2017,8,2,4
03/08/2017,1098.71525,28.4,18.2,0,2017,8,3,5
04/08/2017,1087.44775,26.1,17.9,0,2017,8,4,6
05/08/2017,981.33075,24.1,15.6,0,2017,8,5,7
06/08/2017,906.05025,24.4,13.5,0,2017,8,6,1
07/08/2017,1017.065,27.5,13.8,0,2017,8,7,2
08/08/2017,1015.68525,24.2,16.5702581051978,0,2017,8,8,3
09/08/2017,1009.6055,19.7,13.6,0,2017,8,9,4
10/08/2017,1008.2615,20.3,12.6,0,2017,8,10,5
11/08/2017,1000.20525,21,14,0,2017,8,11,6
12/08/2017,916.02775,20.7,13.9,0,2017,8,12,7
13/08/2017,876.26925,23.9,12.9,0,2017,8,13,1
14/08/2017,964.03475,28.3,11.9,0,2017,8,14,2
15/08/2017,915.82975,26.8336619053368,17.6,1,2017,8,15,3
16/08/2017,1010.1695,26,15.7,0,2017,8,16,4
17/08/2017,1028.32,24.8,16.6,0,2017,8,17,5
18/08/2017,1033.937,23.1,15.9853113580048,0,2017,8,18,6
19/08/2017,933.67225,21.9,12.2,0,2017,8,19,7
20/08/2017,890.4245,23.1,11.9,0,2017,8,20,1
21/08/2017,1047.98825,23.8,16.3,0,2017,8,21,2
22/08/2017,1090.0265,28.9,16.3,0,2017,8,22,3
23/08/2017,1098.0435,28.1,17.4,0,2017,8,23,4
24/08/2017,1126.4685,25.1,15.5,0,2017,8,24,5
25/08/2017,1134.13725,23,17,0,2017,8,25,6
26/08/2017,1018.69025,28.5,17.6,0,2017,8,26,7
27/08/2017,949.633,28.9,17.9,0,2017,8,27,1
28/08/2017,1138.04825,30.5,18.9,0,2017,8,28,2
29/08/2017,1176.49725,32.9,19.6,0,2017,8,29,3
30/08/2017,1165.47475,29.3,14.9804670466592,0,2017,8,30,4
31/08/2017,1131.0645,21.6,12,0,2017,8,31,5
01/09/2017,1114.65975,22.7,14.7120235898636,0,2017,9,1,6
02/09/2017,990.67425,21,12.7,0,2017,9,2,7
03/09/2017,941.37825,21.9,11,0,2017,9,3,1
04/09/2017,1114.953,25,16,0,2017,9,4,2
05/09/2017,1146.94025,22.5,18.7,0,2017,9,5,3
06/09/2017,1137.18175,21.4,14.3,0,2017,9,6,4
07/09/2017,1141.91975,20.5,13.2,0,2017,9,7,5
08/09/2017,1132.97575,19.8,13.772471491079,0,2017,9,8,6
09/09/2017,997.4665,18.4,13.6382497626812,0,2017,9,9,7
10/09/2017,936.03225,19.8,10.2,0,2017,9,10,1
11/09/2017,1111.17325,18.4,12,0,2017,9,11,2
12/09/2017,1129.687,19.2,11.6,0,2017,9,12,3
13/09/2017,1165.2155,18.4,12.3,0,2017,9,13,4
14/09/2017,1161.83975,16.8,11.3,0,2017,9,14,5
15/09/2017,1163.41175,17.8,9.6,0,2017,9,15,6
16/09/2017,1053.681,16.4,8.3,0,2017,9,16,7
17/09/2017,1014.91125,17.2,9,0,2017,9,17,1
18/09/2017,1191.318,17.9,7.9,0,2017,9,18,2
19/09/2017,1217.96225,17.3,10.4,0,2017,9,19,3
20/09/2017,1220.75775,18.6,7,0,2017,9,20,4
21/09/2017,1196.3335,21.4,8.8,0,2017,9,21,5
22/09/2017,1184.0235,20.3,12.2320319548703,0,2017,9,22,6
23/09/2017,1047.92575,21,10.2,0,2017,9,23,7
24/09/2017,977.03375,23.5,11.4,0,2017,9,24,1
25/09/2017,1153.845,22.1,15.1,0,2017,9,25,2
26/09/2017,1182.43325,21.7,12.146697923093,0,2017,9,26,3
27/09/2017,1176.134,20.1,12.6,0,2017,9,27,4
28/09/2017,1177.476,20.1,14.6,0,2017,9,28,5
29/09/2017,1159.06675,25.6,15.1,0,2017,9,29,6
30/09/2017,1041.792,21.1,13.6,0,2017,9,30,7
01/10/2017,999.605250000573,16.4,13,0,2017,10,1,1
02/10/2017,1159.9605,19.8,11.7073657222163,0,2017,10,2,2
03/10/2017,1184.42925,18.4,11.9,0,2017,10,3,3
04/10/2017,1199.29875,17.9,9.7,0,2017,10,4,4
05/10/2017,1208.55125,16.8,9.9,0,2017,10,5,5
06/10/2017,1208.667,16.4,9.3,0,2017,10,6,6
07/10/2017,1104.7535,16.4,5.9,0,2017,10,7,7
08/10/2017,1037.15375,17.5,12.7,0,2017,10,8,1
09/10/2017,1205.43025,18.7,11.4,0,2017,10,9,2
10/10/2017,1214.5655,17.6,13.4,0,2017,10,10,3
11/10/2017,1208.481,18.7,14.3,0,2017,10,11,4
12/10/2017,1199.18425,20.6,14.5,0,2017,10,12,5
13/10/2017,1184.7405,22.3,14.2,0,2017,10,13,6
14/10/2017,1051.18375,23.6,12.6,0,2017,10,14,7
15/10/2017,983.15725,24.4,11.6,0,2017,10,15,1
16/10/2017,1146.03,25.2,13.7,0,2017,10,16,2
17/10/2017,1184.974,23.7,14.1,0,2017,10,17,3
18/10/2017,1189.814,20.9,12.1,0,2017,10,18,4
19/10/2017,1183.1075,22.2,12.9,0,2017,10,19,5
20/10/2017,1180.3255,18.6,9.4553756599538,0,2017,10,20,6
21/10/2017,1063.00025,17.7,9.33026510093921,0,2017,10,21,7
22/10/2017,1038.14875,14.1,9.6,0,2017,10,22,1
23/10/2017,1245.57775,15.2,10.2,0,2017,10,23,2
24/10/2017,1248.97,19.2,13.3,0,2017,10,24,3
25/10/2017,1230.11575,19.5,8.82982286488087,0,2017,10,25,4
26/10/2017,1237.84975,15.6,11.7,0,2017,10,26,5
27/10/2017,1224.743,16.7,8.5796017468517,0,2017,10,27,6
28/10/2017,1139.0025,14.5,7.1,0,2017,10,28,7
29/10/2017,1144.182,15.4,8.32938062882253,0,2017,10,29,1
30/10/2017,1297.5735,12.4,6.8,0,2017,10,30,2
31/10/2017,1387.73075,13.4,5.1,0,2017,10,31,3
01/11/2017,1243.26175,13.7,5,1,2017,11,1,4
02/11/2017,1336.393,14.2,7.2,0,2017,11,2,5
03/11/2017,1318.08,17,10.9,0,2017,11,3,6
04/11/2017,1189.70825,15.8,9.2,0,2017,11,4,7
05/11/2017,1174.012,13.7,6.7,0,2017,11,5,1
06/11/2017,1454.10525,11.2,7.32849615670585,0,2017,11,6,2
07/11/2017,1550.4625,9.4,7.20338559769127,0,2017,11,7,3
08/11/2017,1573.955,9.4,1.2,0,2017,11,8,4
09/11/2017,1550.95325,11.3,7.3,0,2017,11,9,5
10/11/2017,1500.9325,13.6,8.5,0,2017,11,10,6
11/11/2017,1295.31775,13.5,8.7,1,2017,11,11,7
12/11/2017,1238.63775,13.3,6.7,0,2017,11,12,1
13/11/2017,1511.355,9.7,6.45272224360376,0,2017,11,13,2
14/11/2017,1595.26525,11,3.8,0,2017,11,14,3
15/11/2017,1596.55075,9.8,5.1,0,2017,11,15,4
16/11/2017,1598.70325,11.7,6.4,0,2017,11,16,5
17/11/2017,1562.15375,10.6,5.95228000754542,0,2017,11,17,6
18/11/2017,1443.22525,9.8,3.9,0,2017,11,18,7
19/11/2017,1385.59725,9.6,5.70205888951625,0,2017,11,19,1
20/11/2017,1574.615,10.3,4.6,0,2017,11,20,2
21/11/2017,1551.25725,10.8,7.9,0,2017,11,21,3
22/11/2017,1486.2745,14,7.5,0,2017,11,22,4
23/11/2017,1426.25775,16.8,10.7,0,2017,11,23,5
24/11/2017,1429.36675,13,9.7,0,2017,11,24,6
25/11/2017,1358.43375,10.1,5.0207241364176,0,2017,11,25,7
26/11/2017,1422.15825,8,3.3,0,2017,11,26,1
27/11/2017,1627.9775,8.5,4.7,0,2017,11,27,2
28/11/2017,1658.03275,10.5,4.71472106036271,0,2017,11,28,3
29/11/2017,1701.51225,6.8,1.9,0,2017,11,29,4
30/11/2017,1767.8795,5.2,4.51071900965945,0,2017,11,30,5
01/12/2017,1801.594,4.5,0.8,0,2017,12,1,6
02/12/2017,1725.418,2.8,4.3067169589562,0,2017,12,2,7
03/12/2017,1695.3085,9.5684082521541,-1.9,0,2017,12,3,1
04/12/2017,1776.7365,9.4,2.9,0,2017,12,4,2
05/12/2017,1758.863,8.6,3.1,0,2017,12,5,3
06/12/2017,1768.75675,7.3,3.96455470250142,0,2017,12,6,4
07/12/2017,1774.8775,9.39266776707284,2.1,0,2017,12,7,5
08/12/2017,1719.801,9.5,3.89223634170166,0,2017,12,8,6
09/12/2017,1663.38575,6,0.5,0,2017,12,9,7
10/12/2017,1563.60875,10.4,1.2,0,2017,12,10,1
11/12/2017,1665.68125,10.1,3.2,0,2017,12,11,2
12/12/2017,1750.86625,6.7,1.8,0,2017,12,12,3
13/12/2017,1758.0555,9.12905703945096,3.2,0,2017,12,13,4
14/12/2017,1694.65875,9.5,3.67528125930237,0,2017,12,14,5
15/12/2017,1692.802,6.6,3.9,0,2017,12,15,6
16/12/2017,1606.202,6.2,3.60296289850261,0,2017,12,16,7
17/12/2017,1591.80225,6.9,2.8,0,2017,12,17,1
18/12/2017,1719.52725,9.2,4.5,0,2017,12,18,2
19/12/2017,1792.356,7.1,3.4,0,2017,12,19,3
20/12/2017,1770.96025,8.82151119055876,3.6,0,2017,12,20,4
21/12/2017,1673.50475,8.77757606928845,9,0,2017,12,21,5
22/12/2017,1579.41275,11.2,9,0,2017,12,22,6
23/12/2017,1413.92925,10.7,3.34984863570344,0,2017,12,23,7
24/12/2017,1377.88825,9.5,3.31368945530356,0,2017,12,24,1
25/12/2017,1367.76975,8.7,4.3,1,2017,12,25,2
26/12/2017,1482.2555,8.55790046293688,4.3,1,2017,12,26,3
27/12/2017,1546.2035,8.1,3.20521191410391,0,2017,12,27,4
28/12/2017,1636.777,6.4,1.4,0,2017,12,28,5
29/12/2017,1632.557,8.42609509912593,0.3,0,2017,12,29,6
30/12/2017,1386.0155,14.9,6.9,0,2017,12,30,7
31/12/2017,1281.26525,15.1,3.06057519250439,0,2017,12,31,1
01/01/2018,1310.464,10.7,6.4,1,2018,1,1,2
02/01/2018,1474.14225,8.4638183586119,6.2,0,2018,1,2,3
03/01/2018,1494.24775,13.8,6.9,0,2018,1,3,4
04/01/2018,1487.64625,14.7,8.2,0,2018,1,4,5
05/01/2018,1473.77525,11.5,3.8145635140687,0,2018,1,5,6
06/01/2018,1409.0345,8.9,5.4,0,2018,1,6,7
07/01/2018,1380.40475,7.8,6,0,2018,1,7,1
08/01/2018,1592.29975,9.1,4.12118199689403,0,2018,1,8,2
09/01/2018,1629.57725,8.2,4.7,0,2018,1,9,3
10/01/2018,1597.74125,10.3,6.8,0,2018,1,10,4
11/01/2018,1630.3135,8.7,5.8,0,2018,1,11,5
12/01/2018,1666.151,7.2,3.83977982695462,0,2018,1,12,6
13/01/2018,1559.9,6.9,3.76942928446976,0,2018,1,13,7
14/01/2018,1509.33975,8.7,1.8,0,2018,1,14,1
15/01/2018,1664.833,9.22011791424097,4.3,0,2018,1,15,2
16/01/2018,1610.326,11,3.55837765701521,0,2018,1,16,3
17/01/2018,1652.7225,8.7,3.7,0,2018,1,17,4
18/01/2018,1634.26825,11.8,6,0,2018,1,18,5
19/01/2018,1621.83875,9.3,3.9,0,2018,1,19,6
20/01/2018,1517.236,11.9,3.7,0,2018,1,20,7
21/01/2018,1403.0215,11.4,5.9,0,2018,1,21,1
22/01/2018,1519.077,13.5,8,0,2018,1,22,2
23/01/2018,1537.2205,8.47510600408709,7.4,0,2018,1,23,3
24/01/2018,1496.39025,13.5,2.93958876285594,0,2018,1,24,4
25/01/2018,1537.629,12.3,2.81325366609064,0,2018,1,25,5
26/01/2018,1593.672,10.8,5.4,0,2018,1,26,6
27/01/2018,1515.74,7.7,4.5,0,2018,1,27,7
28/01/2018,1416.76075,11.5,4.5,0,2018,1,28,1
29/01/2018,1558.83075,11.4,9.5,0,2018,1,29,2
30/01/2018,1577.94125,11.3,8.7,0,2018,1,30,3
31/01/2018,1584.3155,10.6,2.05524308549886,0,2018,1,31,4
01/02/2018,1661.92125,8.2,2.8,0,2018,2,1,5
02/02/2018,1719.27575,6.9,3.4,0,2018,2,2,6
03/02/2018,1609.794,5.5,3.1,0,2018,2,3,7
04/02/2018,1573.99075,4.6,1.99892052086387,0,2018,2,4,1
05/02/2018,1837.12425,3,-1.2,0,2018,2,5,2
06/02/2018,1873.2445,1.9,-0.8,0,2018,2,6,3
07/02/2018,1907.8645,0.2,-1.8,0,2018,2,7,4
08/02/2018,1919.53325,5.4,-2.7,0,2018,2,8,5
09/02/2018,1899.27225,9.2303514129254,-4,0,2018,2,9,6
10/02/2018,1721.37825,6.3,0.1,0,2018,2,10,7
11/02/2018,1588.27425,8.6,2.68613722199848,0,2018,2,11,1
12/02/2018,1766.19125,7.1,0.7,0,2018,2,12,2
13/02/2018,1875.693,4.3,-0.9,0,2018,2,13,3
14/02/2018,1851.6005,9.73905051821061,0.2,0,2018,2,14,4
15/02/2018,1704.40025,11.1,4.6,0,2018,2,15,5
16/02/2018,1636.1265,10.3,3.9,0,2018,2,16,6
17/02/2018,1495.876,8.8,3.27518010868528,0,2018,2,17,7
18/02/2018,1483.263,8.4,0.6,0,2018,2,18,1
19/02/2018,1683.023,6.2,0.7,0,2018,2,19,2
20/02/2018,1678.81525,7.2,3.7,0,2018,2,20,3
21/02/2018,1728.31325,5.9,0.5,0,2018,2,21,4
22/02/2018,1821.7555,5,-1.2,0,2018,2,22,5
23/02/2018,1839.30975,4.6,-1.4,0,2018,2,23,6
24/02/2018,1713.18525,6.1,-0.8,0,2018,2,24,7
25/02/2018,1660.705,5.3,-1.9,0,2018,2,25,1
26/02/2018,1936.5435,1.8,-3.8,0,2018,2,26,2
27/02/2018,2064.5825,-1.4,-5.6,0,2018,2,27,3
28/02/2018,2122.31425,-0.6,-7,0,2018,2,28,4
01/03/2018,1999.04,2.3,-4.4,0,2018,3,1,5
02/03/2018,1817.27875,9.4,1.1,0,2018,3,2,6
03/03/2018,1587.3045,11.1,1.6,0,2018,3,3,7
04/03/2018,1471.989,8.7,3.4,0,2018,3,4,1
05/03/2018,1590.51375,12.6,5,0,2018,3,5,2
06/03/2018,1589.77875,11.7,6,0,2018,3,6,3
07/03/2018,1600.24925,10.4,3.8,0,2018,3,7,4
08/03/2018,1599.46475,10.6,3.9,0,2018,3,8,5
09/03/2018,1522.56475,14.8,6.1,0,2018,3,9,6
10/03/2018,1307.808,17.4,10.9,0,2018,3,10,7
11/03/2018,1200.57975,18.6,10.6,0,2018,3,11,1
12/03/2018,1410.98075,14.4,5.5331778409847,0,2018,3,12,2
13/03/2018,1479.18925,13.3,8.4,0,2018,3,13,3
14/03/2018,1471.39775,14.9,3.8,0,2018,3,14,4
15/03/2018,1466.6435,13.5,8.7,0,2018,3,15,5
16/03/2018,1457.42675,13.3,7.1,0,2018,3,16,6
17/03/2018,1418.48825,10.1,6.0240469132237,0,2018,3,17,7
18/03/2018,1468.15425,2.4,-0.6,0,2018,3,18,1
19/03/2018,1723.90275,1.7,-1.3,0,2018,3,19,2
20/03/2018,1762.4505,8.8,-1.3,0,2018,3,20,3
21/03/2018,1736.4525,8.8,1.1,0,2018,3,21,4
22/03/2018,1706.93725,8.6,2,0,2018,3,22,5
23/03/2018,1639.5735,7.5,5.1,0,2018,3,23,6
24/03/2018,1432.60075,14.1,5.9,0,2018,3,24,7
25/03/2018,1270.458,15.7,7.5,0,2018,3,25,1
26/03/2018,1481.40325,13.8,7.1,0,2018,3,26,2
27/03/2018,1523.7885,13.5,5.9,0,2018,3,27,3
28/03/2018,1481.0495,14.6,6.58281110684385,0,2018,3,28,4
29/03/2018,1489.43575,12.6,3.4,0,2018,3,29,5
30/03/2018,1487.08375,11.1,5.6,1,2018,3,30,6
31/03/2018,1375.079,11.1,4.9,0,2018,3,31,7
01/04/2018,1297.79525,11.8,6.8,0,2018,4,1,1
02/04/2018,1271.384,16.9,7.5,1,2018,4,2,2
03/04/2018,1360.21475,15.4,6.88759157609121,0,2018,4,3,3
04/04/2018,1369.4765,14.4,8.2,0,2018,4,4,4
05/04/2018,1378.44,11.7,6.98918506584033,0,2018,4,5,5
06/04/2018,1329.36675,19.5,5.7,0,2018,4,6,6
07/04/2018,1145.6355,21.6,10.5,0,2018,4,7,7
08/04/2018,1079.88125,23.5,11.6,0,2018,4,8,1
09/04/2018,1265.47625,17.4,7.19237204533856,0,2018,4,9,2
10/04/2018,1315.237,17.4,10.3,0,2018,4,10,3
11/04/2018,1339.67025,20,7.5,0,2018,4,11,4
12/04/2018,1345.16975,17.3,10.1,0,2018,4,12,5
13/04/2018,1303.64,18.9,9.8,0,2018,4,13,6
14/04/2018,1162.11125,17.5,9.9,0,2018,4,14,7
15/04/2018,1080.73125,17.8,8.9,0,2018,4,15,1
16/04/2018,1225.93225,18.5,9.2,0,2018,4,16,2
17/04/2018,1215.5095,22.6,8,0,2018,4,17,3
18/04/2018,1149.41425,27,11.4,0,2018,4,18,4
19/04/2018,1125.274,28.7,13.4,0,2018,4,19,5
20/04/2018,1128.7325,29.2,15,0,2018,4,20,6
21/04/2018,995.23425,28.5,16,0,2018,4,21,7
22/04/2018,926.02725,27.7,15.3,0,2018,4,22,1
23/04/2018,1088.23675,24.4,8.65730220509752,0,2018,4,23,2
24/04/2018,1120.394,21.4,10,0,2018,4,24,3
25/04/2018,1134.64675,19.9,9.01015427201834,0,2018,4,25,4
26/04/2018,1152.4925,16.7,7.8,0,2018,4,26,5
27/04/2018,1154.08775,20.1,7.8,0,2018,4,27,6
28/04/2018,1041.65525,16.5,11,0,2018,4,28,7
29/04/2018,1026.89675,14.7,9.8,0,2018,4,29,1
30/04/2018,1202.57025,11.3,9.89228443932041,0,2018,4,30,2
01/05/2018,1088.00825,14.6,4.3,1,2018,5,1,3
02/05/2018,1245.24175,18.1,4,0,2018,5,2,4
03/05/2018,1231.95925,17.9,7.8,0,2018,5,3,5
04/05/2018,1191.22125,20.1,8.2,0,2018,5,4,6
05/05/2018,1033.58125,25.1,10.4,0,2018,5,5,7
06/05/2018,940.25075,28.5,13.8,0,2018,5,6,1
07/05/2018,1044.315,27.3,15.6,0,2018,5,7,2
08/05/2018,969.70525,28.5,15.3,1,2018,5,8,3
09/05/2018,1041.051,25.5,12.9,0,2018,5,9,4
10/05/2018,970.6165,21.3,10.8046108691981,1,2018,5,10,5
11/05/2018,1047.93225,22.8,9,0,2018,5,11,6
12/05/2018,1001.13,22.3,10.9870761551736,0,2018,5,12,7
13/05/2018,990.6035,15.4,9.5,0,2018,5,13,1
14/05/2018,1201.745,14.3,10.9,0,2018,5,14,2
15/05/2018,1216.4945,21.4,12.1,0,2018,5,15,3
16/05/2018,1177.79925,22.9,11.9,0,2018,5,16,4
17/05/2018,1164.40425,20.4,10.4,0,2018,5,17,5
18/05/2018,1136.69675,20.1,7.3,0,2018,5,18,6
19/05/2018,1001.29425,21,8.1,0,2018,5,19,7
20/05/2018,932.457,24.5,8.8,0,2018,5,20,1
21/05/2018,970.946,24.7,12.7,1,2018,5,21,2
22/05/2018,1110.54875,24.3,15.2,0,2018,5,22,3
23/05/2018,1120.30425,22.5,13.3,0,2018,5,23,4
24/05/2018,1127.5375,25.7,14.7,0,2018,5,24,5
25/05/2018,1127.6005,27.7,15.3,0,2018,5,25,6
26/05/2018,985.908,28.5,16,0,2018,5,26,7
27/05/2018,931.23775,29,18.4,0,2018,5,27,1
28/05/2018,1102.86175,28,12.4467984429778,0,2018,5,28,2
29/05/2018,1121.2985,22.6702262473887,16.3,0,2018,5,29,3
30/05/2018,1132.54475,26.7,15.5,0,2018,5,30,4
31/05/2018,1130.83825,25.9,17,0,2018,5,31,5
01/06/2018,1108.3555,23.3,12.8117290149289,0,2018,6,1,6
02/06/2018,978.47825,24.6,16,0,2018,6,2,7
03/06/2018,914.26775,27.3,16,0,2018,6,3,1
04/06/2018,1093.2065,26.5,18.5,0,2018,6,4,2
05/06/2018,1120.9855,24.3,16.2,0,2018,6,5,3
06/06/2018,1127.58975,24,14.8,0,2018,6,6,4
07/06/2018,1119.4645,25.1,17.1,0,2018,6,7,5
08/06/2018,1108.066,26.2,17.4,0,2018,6,8,6
09/06/2018,988.46925,25.1,16.1,0,2018,6,9,7
10/06/2018,929.04625,25.9,17,0,2018,6,10,1
11/06/2018,1101.58125,21.3,13.7240554448065,0,2018,6,11,2
12/06/2018,1110.583,20.5,14.6,0,2018,6,12,3
13/06/2018,1107.00275,19.2,11.4,0,2018,6,13,4
14/06/2018,1115.65,21.4,11,0,2018,6,14,5
15/06/2018,1111.60175,24.9,14.4,0,2018,6,15,6
16/06/2018,977.17825,23.3,14.8,0,2018,6,16,7
17/06/2018,909.97225,21.8,14.5,0,2018,6,17,1
18/06/2018,1083.7045,24.3,17,0,2018,6,18,2
19/06/2018,1129.756,25.9,17.4,0,2018,6,19,3
20/06/2018,1150.91125,29.1,16.6,0,2018,6,20,4
21/06/2018,1131.832,28.3,14.6363818746842,0,2018,6,21,5
22/06/2018,1091.38675,22.4,10.9,0,2018,6,22,6
23/06/2018,967.807,22.9,10.5,0,2018,6,23,7
24/06/2018,911.545,23.5,14.4,0,2018,6,24,1
25/06/2018,1094.29775,25.8,13.9,0,2018,6,25,2
26/06/2018,1134.72525,28.2,16.1,0,2018,6,26,3
27/06/2018,1141.08,29.8,15.9,0,2018,6,27,4
28/06/2018,1140.3005,29.2,17.2,0,2018,6,28,5
29/06/2018,1137.54875,29.7,18.6,0,2018,6,29,6
30/06/2018,1037.91475,33,18.4,0,2018,6,30,7
01/07/2018,969.378,33.8,21.7,0,2018,7,1,1
02/07/2018,1142.42725,31.3,20.7,0,2018,7,2,2
03/07/2018,1181.34525,30.5,19.9,0,2018,7,3,3
04/07/2018,1178.78225,30,20.4,0,2018,7,4,4
05/07/2018,1153.22625,29.1,20.4,0,2018,7,5,5
06/07/2018,1137.3515,30,17.7,0,2018,7,6,6
07/07/2018,1022.01575,31.4,19.8,0,2018,7,7,7
08/07/2018,962.60625,26.2996863416331,20.6,0,2018,7,8,1
09/07/2018,1135.20375,29,17.4,0,2018,7,9,2
10/07/2018,1160.96075,25.8,16.1034106654569,0,2018,7,10,3
11/07/2018,1149.92875,22.6,15.1,0,2018,7,11,4
12/07/2018,1159.47575,26,15.5,0,2018,7,12,5
13/07/2018,1161.10425,28.7,18,0,2018,7,13,6
14/07/2018,1012.40125,30.7,18.4,1,2018,7,14,7
15/07/2018,965.3925,31.5,19,0,2018,7,15,1
16/07/2018,1124.534,30.9,19.7,0,2018,7,16,2
17/07/2018,1153.0215,28.7,18.8,0,2018,7,17,3
18/07/2018,1170.178,29.4,17.8,0,2018,7,18,4
19/07/2018,1180.812,31.2,18.5,0,2018,7,19,5
20/07/2018,1152.30025,28.1,16.7197466220069,0,2018,7,20,6
21/07/2018,1002.59425,26.9,16.7,0,2018,7,21,7
22/07/2018,944.504,27.9,18.3,0,2018,7,22,1
23/07/2018,1129.58475,30.9,19.8,0,2018,7,23,2
24/07/2018,1173.7595,32.4,20,0,2018,7,24,3
25/07/2018,1183.7355,34.4,22,0,2018,7,25,4
26/07/2018,1198.66275,36.2,22.4,0,2018,7,26,5
27/07/2018,1173.29475,37.4,21,0,2018,7,27,6
28/07/2018,1012.265,26.3,19.6,0,2018,7,28,7
29/07/2018,953.43,28.9,18.6,0,2018,7,29,1
30/07/2018,1108.903,29.1,19.4,0,2018,7,30,2
31/07/2018,1147.62125,28.7,20.8,0,2018,7,31,3
01/08/2018,1143.17275,30.9,18.6,0,2018,8,1,4
02/08/2018,1149.17275,33.3,18.8,0,2018,8,2,5
03/08/2018,1140.92275,35.4,20.7,0,2018,8,3,6
04/08/2018,1035.32175,33.8,22,0,2018,8,4,7
05/08/2018,970.04725,31.8,18.4,0,2018,8,5,1
06/08/2018,1094.34975,34.4,19.5,0,2018,8,6,2
07/08/2018,1101.92725,36.9,21.2,0,2018,8,7,3
08/08/2018,1066.054,33.6,18.1,0,2018,8,8,4
09/08/2018,1025.9055,25.7,16.5301123250225,0,2018,8,9,5
10/08/2018,997.019,23.5,12,0,2018,8,10,6
11/08/2018,922.66775,25.5,15.1,0,2018,8,11,7
12/08/2018,879.6605,31.5,15,0,2018,8,12,1
13/08/2018,979.49775,28,18.2,0,2018,8,13,2
14/08/2018,991.489,25.2,17.3,0,2018,8,14,3
15/08/2018,921.78025,26.4,17.6,1,2018,8,15,4
16/08/2018,1010.88125,31.4,16.4,0,2018,8,16,5
17/08/2018,1004.849,27.6,16.4,0,2018,8,17,6
18/08/2018,936.45175,25.7,14.9,0,2018,8,18,7
19/08/2018,901.65825,28.7,16,0,2018,8,19,1
20/08/2018,1048.787,27.3,19.5,0,2018,8,20,2
21/08/2018,1088.43925,26.7,19.4,0,2018,8,21,3
22/08/2018,1098.30225,29.8,18.1,0,2018,8,22,4
23/08/2018,1094.642,27.8,17.1,0,2018,8,23,5
24/08/2018,1056.31775,23.4,14.7,0,2018,8,24,6
25/08/2018,944.281,20.3,13,0,2018,8,25,7
26/08/2018,890.089,23.6,9.9,0,2018,8,26,1
27/08/2018,1058.693,23.5,15.4014811263966,0,2018,8,27,2
28/08/2018,1115.36475,28.1,13.2,0,2018,8,28,3
29/08/2018,1112.464,24.9,15.133037669601,0,2018,8,29,4
30/08/2018,1110.752,21,15.6,0,2018,8,30,5
31/08/2018,1097.425,23.3,14.2,0,2018,8,31,6
01/09/2018,981.2535,23.5,12.4,0,2018,9,1,7
02/09/2018,927.21075,25.2,12,0,2018,9,2,1
03/09/2018,1093.7255,25.3,14.5,0,2018,9,3,2
04/09/2018,1131.9795,21.5,17.3,0,2018,9,4,3
05/09/2018,1139.00825,25.9,18.2,0,2018,9,5,4
06/09/2018,1133.62975,22.6,14.0592638424186,0,2018,9,6,5
07/09/2018,1114.642,20.6,13.6,0,2018,9,7,6
08/09/2018,988.92075,23.9,10.5,0,2018,9,8,7
09/09/2018,938.57675,29.5,12.2,0,2018,9,9,1
10/09/2018,1107.31325,25.2,15.5,0,2018,9,10,2
11/09/2018,1149.50475,29.2,13.8,0,2018,9,11,3
12/09/2018,1151.5695,27.4,16.1,0,2018,9,12,4
13/09/2018,1144.65825,23.4,15.4,0,2018,9,13,5
14/09/2018,1128.223,20.9,12.7,0,2018,9,14,6
15/09/2018,1000.465,22.566292857484,11.3,0,2018,9,15,7
16/09/2018,947.25875,25.1,12.2,0,2018,9,16,1
17/09/2018,1118.15025,22.2557426574065,12.5828248300428,0,2018,9,17,2
18/09/2018,1139.023,24.4,18,0,2018,9,18,3
19/09/2018,1148.339,25.3,17.1,0,2018,9,19,4
20/09/2018,1144.87425,25.6,15.1,0,2018,9,20,5
21/09/2018,1123.466,22.9,13.7,0,2018,9,21,6
22/09/2018,996.03825,18.7,11.7,0,2018,9,22,7
23/09/2018,950.63775,22.9,12.2290473414699,0,2018,9,23,1
24/09/2018,1113.00325,21.1688169571354,12.2077138335256,0,2018,9,24,2
25/09/2018,1149.52175,17.9,8.6,0,2018,9,25,3
26/09/2018,1167.65225,21.7,7.9,0,2018,9,26,4
27/09/2018,1165.36525,25.6,9.1,0,2018,9,27,5
28/09/2018,1141.402,20.5,12.1223798017484,0,2018,9,28,6
29/09/2018,1017.987,18.5,8.7,0,2018,9,29,7
30/09/2018,983.253,17.8,7.2,0,2018,9,30,1
01/10/2018,1170.27725000042,16.1,10.2,0,2018,10,1,2
02/10/2018,1211.06525,19.9266161568256,10.2,0,2018,10,2,3
03/10/2018,1198.46675,18.9,14.5,0,2018,10,3,4
04/10/2018,1181.58225,20.7,11,0,2018,10,4,5
05/10/2018,1164.989,24.5,9.2,0,2018,10,5,6
06/10/2018,1020.24625,24,11.4,0,2018,10,6,7
07/10/2018,986.31125,18.7,11.1001618216874,0,2018,10,7,1
08/10/2018,1171.90825,18.2,8.9,0,2018,10,8,2
09/10/2018,1185.684,23.1,9.5,0,2018,10,9,3
10/10/2018,1169.722,25,12.4,0,2018,10,10,4
11/10/2018,1154.1465,25.7,10.599719585629,0,2018,10,11,5
12/10/2018,1137.6,25.2,15.1,0,2018,10,12,6
13/10/2018,1026.51075,27.2,15.7,0,2018,10,13,7
14/10/2018,971.425,26.4,14.7,0,2018,10,14,1
15/10/2018,1125.07325,26.4,16,0,2018,10,15,2
16/10/2018,1158.86525,25.6,15.1,0,2018,10,16,3
17/10/2018,1167.5435,20.7,14.1,0,2018,10,17,4
18/10/2018,1156.4165,20.5,12.5,0,2018,10,18,5
19/10/2018,1177.94975,17.2869394561672,10.8,0,2018,10,19,6
20/10/2018,1046.07375,17.5,9,0,2018,10,20,7
21/10/2018,1005.174,18.2,7.2,0,2018,10,21,1
22/10/2018,1188.62925,14.9,9.2235034364686,0,2018,10,22,2
23/10/2018,1249.106,16.8,6.9,0,2018,10,23,3
24/10/2018,1253.9895,16.1,11.8,0,2018,10,24,4
25/10/2018,1238.4735,15.8,8.84817175942485,0,2018,10,25,5
26/10/2018,1264.28425,14.3,8.72306120041026,0,2018,10,26,6
27/10/2018,1214.83725,10.7,5.1,0,2018,10,27,7
28/10/2018,1303.39925,8.1,4.7,0,2018,10,28,1
29/10/2018,1510.99125,6.1,3.6,0,2018,10,29,2
30/10/2018,1526.557,11.3,3.4,0,2018,10,30,3
31/10/2018,1480.50325,11,3.6,0,2018,10,31,4
01/11/2018,1273.50725,14.9786585969941,7.97239784632275,1,2018,11,1,5
02/11/2018,1348.05775,14.7750994038438,7.84728728730816,0,2018,11,2,6
03/11/2018,1331.35275,14.5715402106934,7.72217672829358,0,2018,11,3,7
04/11/2018,1259.76875,14.3679810175431,7.59706616927899,0,2018,11,4,1
05/11/2018,1357.293,14.1644218243928,7.47195561026441,0,2018,11,5,2
06/11/2018,1358.8945,13.9608626312424,7.34684505124983,0,2018,11,6,3
07/11/2018,1394.1215,13.5,9.9,0,2018,11,7,4
08/11/2018,1415.276,12.5,7,0,2018,11,8,5
09/11/2018,1379.055,14.6,6.5,0,2018,11,9,6
10/11/2018,1227.297,12.4,11,0,2018,11,10,7
11/11/2018,1153.1645,12.4,11,1,2018,11,11,1
12/11/2018,1317.68275,11.7,10.1,0,2018,11,12,2
13/11/2018,1346.09675,15.4,6.47107113814773,0,2018,11,13,3
14/11/2018,1381.761,13.8,6,0,2018,11,14,4
15/11/2018,1387.36925,11.6,8,0,2018,11,15,5
16/11/2018,1411.066,9.8,6.09573946110397,0,2018,11,16,6
17/11/2018,1338.4535,11.7217115065888,5.97062890208939,0,2018,11,17,7
18/11/2018,1345.28775,11.5181523134384,5.8455183430748,0,2018,11,18,1
19/11/2018,1628.49425,11.3797230688315,5.72040778406022,0,2018,11,19,2
20/11/2018,1711.97425,11.2412938242246,5.59529722504563,0,2018,11,20,3
21/11/2018,1706.9895,11.1028645796177,5.47018666603105,0,2018,11,21,4
22/11/2018,1673.62325,10.9644353350108,5.34507610701646,0,2018,11,22,5
23/11/2018,1629.3735,10.8260060904039,2.7,0,2018,11,23,6
24/11/2018,1437.772,8.9,5.1410740563132,0,2018,11,24,7
25/11/2018,1406.903,8.5,5.5,0,2018,11,25,1
26/11/2018,1607.3725,7.9,4.9,0,2018,11,26,2
27/11/2018,1637.19,10.3,6,0,2018,11,27,3
28/11/2018,1578.877,11.5,6.6,0,2018,11,28,4
29/11/2018,1518.649,14.6,10.3,0,2018,11,29,5
30/11/2018,1495.88825,13.5,4.52906790420343,0,2018,11,30,6
01/12/2018,1383.395,9.71857213354879,5.9,0,2018,12,1,7
02/12/2018,1273.2265,15.9,10.5,0,2018,12,2,1
03/12/2018,1379.702,14.9,11.6,0,2018,12,3,2
04/12/2018,1425.923,12.6,4.12106380279691,0,2018,12,4,3
05/12/2018,1465.733,12.2,8.4,0,2018,12,5,4
06/12/2018,1431.69875,14,10.6,0,2018,12,6,5
07/12/2018,1431.376,12.9,3.94674441664552,0,2018,12,7,6
08/12/2018,1363.215,9.41102628465659,6.9,0,2018,12,8,7
09/12/2018,1303.9665,12.5,3.87442605584575,0,2018,12,9,1
10/12/2018,1519.11,10.6,3.83826687544587,0,2018,12,10,2
11/12/2018,1632.009,9,3.80210769504599,0,2018,12,11,3
12/12/2018,1709.926,6.8,0.1,0,2018,12,12,4
13/12/2018,1783.13975,4.3,0.2,0,2018,12,13,5
14/12/2018,1813.17025,3,-1.5,0,2018,12,14,6
15/12/2018,1704.73225,9.10348043576439,-0.9,0,2018,12,15,7
16/12/2018,1549.154,9.05954531449408,0.7,0,2018,12,16,1
17/12/2018,1637.95425,8.4,4.8,0,2018,12,17,2
18/12/2018,1672.56675,8.7,4.2,0,2018,12,18,3
19/12/2018,1612.313,10.8,3.51283425184694,0,2018,12,19,4
20/12/2018,1594.31175,10.4,7.1,0,2018,12,20,5
21/12/2018,1515.66675,15.1,8.1,0,2018,12,21,6
22/12/2018,1310.85425,14.1,3.4043567106473,0,2018,12,22,7
23/12/2018,1247.62375,14.3,9.3,0,2018,12,23,1
24/12/2018,1286.74625,13.8,3.33203834984753,0,2018,12,24,2
25/12/2018,1296.25575,7.8,3.29587916944765,1,2018,12,25,3
26/12/2018,1555.964,4,3.25971998904777,1,2018,12,26,4
27/12/2018,1643.65325,1.2,-1.3,0,2018,12,27,5
28/12/2018,1635.88275,2.1,-0.2,0,2018,12,28,6
29/12/2018,1553.87725,8.48838873798,1.4,0,2018,12,29,7
30/12/2018,1468.817,8.44445361670968,7,0,2018,12,30,1
31/12/2018,1489.953,9.9,8.5,0,2018,12,31,2
01/01/2019,1390.30225,9.6,7.6,1,2019,1,1,3
02/01/2019,1568.5615,8.7,3.26745887064741,0,2019,1,2,4
03/01/2019,1719.58725,6.6,4.1,0,2019,1,3,5
04/01/2019,1785.2195,6,3.1,0,2019,1,4,6
05/01/2019,1675.80675,5.9,4.2,0,2019,1,5,7
06/01/2019,1617.25,6.8,4.3,0,2019,1,6,1
07/01/2019,1749.70275,8.6,6,0,2019,1,7,2
08/01/2019,1722.9885,9.7,4.139530891438,0,2019,1,8,3
09/01/2019,1763.8165,7.7,4.06918034895315,0,2019,1,9,4
10/01/2019,1851.08025,5.5,2.1,0,2019,1,10,5
11/01/2019,1826.544,8.6,3.92847926398344,0,2019,1,11,6
12/01/2019,1626.4505,7.1,0.7,0,2019,1,12,7
13/01/2019,1471.21,4.3,-0.9,0,2019,1,13,1
14/01/2019,1612.932,9.37553804186427,0.2,0,2019,1,14,2
15/01/2019,1674.5595,11.1,4.6,0,2019,1,15,3
16/01/2019,1723.70725,10.3,3.9,0,2019,1,16,4
17/01/2019,1690.54,8.8,3.50637600907432,0,2019,1,17,5
18/01/2019,1784.281,8.4,0.6,0,2019,1,18,6
19/01/2019,1670.9785,6.2,0.7,0,2019,1,19,7
20/01/2019,1601.7235,7.2,3.7,0,2019,1,20,1
21/01/2019,1832.83675,5.9,0.5,0,2019,1,21,2
22/01/2019,1886.803,5,-1.2,0,2019,1,22,3
23/01/2019,1873.91175,4.6,-1.4,0,2019,1,23,4
24/01/2019,1912.393,6.1,-0.8,0,2019,1,24,5
25/01/2019,1844.458,5.3,-1.9,0,2019,1,25,6
26/01/2019,1601.19025,1.8,-3.8,0,2019,1,26,7
27/01/2019,1531.5885,-1.4,-5.6,0,2019,1,27,1
28/01/2019,1753.44825,-0.6,-7,0,2019,1,28,2
29/01/2019,1822.6865,5.2,-0.8,0,2019,1,29,3
30/01/2019,1833.54825,5.2,0.5,0,2019,1,30,4
31/01/2019,1862.6825,8.37698666226609,-1,0,2019,1,31,5
01/02/2019,1759.81575,7.7,2.2,0,2019,2,1,6
02/02/2019,1640.4065,6.8,3.5,0,2019,2,2,7
03/02/2019,1629.3035,6.6,1.91909560096004,0,2019,2,3,1
04/02/2019,1857.59075,4.4,-0.8,0,2019,2,4,2
05/02/2019,1795.65825,8.8,3.1,0,2019,2,5,3
06/02/2019,1716.043,10.1,3,0,2019,2,6,4
07/02/2019,1664.23275,11.6,6.8,0,2019,2,7,5
08/02/2019,1645.30975,10,6.6,0,2019,2,8,6
09/02/2019,1469.388,12.3,7.7,0,2019,2,9,7
10/02/2019,1414.685,10.9,2.60631230209465,0,2019,2,10,1
11/02/2019,1654.2675,9.7,3.9,0,2019,2,11,2
12/02/2019,1710.39125,8.8,1.6,0,2019,2,12,3
13/02/2019,1706.67625,8.6,-0.1,0,2019,2,13,4
14/02/2019,1657.6945,13.4,1.3,0,2019,2,14,5
15/02/2019,1584.69725,15.2,2.8,0,2019,2,15,6
16/02/2019,1428.9285,16.2,2,0,2019,2,16,7
17/02/2019,1329.383,17.4,3.7,0,2019,2,17,1
18/02/2019,1490.762,15.2,3.8,0,2019,2,18,2
19/02/2019,1548.888,12.5,3.48987663212486,0,2019,2,19,3
20/02/2019,1566.8695,13.5,2.3,0,2019,2,20,4
21/02/2019,1542.09875,16.4,4.1,0,2019,2,21,5
22/02/2019,1483.4535,18.1,5.2,0,2019,2,22,6
23/02/2019,1307.57175,16.6,6.7,0,2019,2,23,7
24/02/2019,1280.1165,15.6,4.1,0,2019,2,24,1
25/02/2019,1440.73125,17.9,6.2,0,2019,2,25,2
26/02/2019,1423.0875,19.3,6.8,0,2019,2,26,3
27/02/2019,1400.22075,20.4,5.4,0,2019,2,27,4
28/02/2019,1393.61325,16.5,7.6,0,2019,2,28,5
01/03/2019,1405.5145,11.9,9.2,0,2019,3,1,6
02/03/2019,1292.91675,12.9,8,0,2019,3,2,7
03/03/2019,1226.17075,15.1,10.1,0,2019,3,3,1
04/03/2019,1426.42825,14.6,4.76613621994627,0,2019,3,4,2
05/03/2019,1467.275,12.6,5.2,0,2019,3,5,3
06/03/2019,1461.63175,12,7.9,0,2019,3,6,4
07/03/2019,1441.39225,13.1,7.2,0,2019,3,7,5
08/03/2019,1459.00125,14,5,0,2019,3,8,6
09/03/2019,1304.3775,15.1,8.5,0,2019,3,9,7
10/03/2019,1209.02875,14,5.35517910663307,0,2019,3,10,1
11/03/2019,1443.8665,10.4,4.4,0,2019,3,11,2
12/03/2019,1512.91225,13,4.7,0,2019,3,12,3
13/03/2019,1515.63375,11.4,4.6,0,2019,3,13,4
14/03/2019,1535.79925,14.868953794271,7.1,0,2019,3,14,5
15/03/2019,1453.196,14.6,10.8,0,2019,3,15,6
16/03/2019,1260.39675,14.7,9.4,0,2019,3,16,7
17/03/2019,1240.704,12.3,6.04239580776768,0,2019,3,17,1
18/03/2019,1480.8005,11.1,4.4,0,2019,3,18,2
19/03/2019,1499.2465,13.6,4.1,0,2019,3,19,3
20/03/2019,1475.58125,13.9,4.8,0,2019,3,20,4
21/03/2019,1425.7145,16.9,7,0,2019,3,21,5
22/03/2019,1376.5865,18.8,6.7,0,2019,3,22,6
23/03/2019,1226.75325,15.5,6,0,2019,3,23,7
24/03/2019,1161.50975,13.2,6.39797302188959,0,2019,3,24,1
25/03/2019,1354.14125,13.2,5.6,0,2019,3,25,2
26/03/2019,1405.2275,13.2,6.6,0,2019,3,26,3
27/03/2019,1402.5865,14.3,5.6,0,2019,3,27,4
28/03/2019,1374.3195,15.6,7.1,0,2019,3,28,5
29/03/2019,1327.82075,18.8,6.8,0,2019,3,29,6
30/03/2019,1172.56525,20.5,6.6,0,2019,3,30,7
31/03/2019,1059.322,21.5,8.5,0,2019,3,31,1
01/04/2019,1249.0185,21.6,8,0,2019,4,1,2
02/04/2019,1295.58175,18.7,6.85514372576062,0,2019,4,2,3
03/04/2019,1420.59025,11.1,4.6,0,2019,4,3,4
04/04/2019,1467.35175,12.7,2.4,0,2019,4,4,5
05/04/2019,1434.2485,14.2,2.8,0,2019,4,5,6
06/04/2019,1292.96975,18.5,5.9,0,2019,4,6,7
07/04/2019,1219.9995,15.6,9.5,0,2019,4,7,1
08/04/2019,1363.73,17.3,8.1,0,2019,4,8,2
09/04/2019,1364.6465,14.8,9.3,0,2019,4,9,3
10/04/2019,1365.5255,12.5,7.2615176847571,0,2019,4,10,4
11/04/2019,1366.44375,14.7,4.3,0,2019,4,11,5
12/04/2019,1369.189,12.1,3.6,0,2019,4,12,6
13/04/2019,1272.52575,11.1,2.3,0,2019,4,13,7
14/04/2019,1253.989,11.2,1,0,2019,4,14,1
15/04/2019,1377.23775,16.9,3.7,0,2019,4,15,2
16/04/2019,1351.21775,15.3,10,0,2019,4,16,3
17/04/2019,1299.64075,20.1,7,0,2019,4,17,4
18/04/2019,1232.0895,23.8,11.7,0,2019,4,18,5
19/04/2019,1176.57675,26,11.9,0,2019,4,19,6
20/04/2019,1042.8655,27.2,14.2,0,2019,4,20,7
21/04/2019,980.999,25.5,12.8,0,2019,4,21,1
22/04/2019,995.3335,25.3,12.3,1,2019,4,22,2
23/04/2019,1149.666,22.5,14.7,0,2019,4,23,3
24/04/2019,1181.32725,18.6,8.8520771331019,0,2019,4,24,4
25/04/2019,1219.59775,16.5,9.02850316656231,0,2019,4,25,5
26/04/2019,1224.067,17.1,6.1,0,2019,4,26,6
27/04/2019,1110.20425,14.4,9.38135523348314,0,2019,4,27,7
28/04/2019,1107.455,13.3,7,0,2019,4,28,1
29/04/2019,1253.54625,17.5,6.7,0,2019,4,29,2
30/04/2019,1228.882,17.9,8.4,0,2019,4,30,3
01/05/2019,1030.98725,19.7,7.9,1,2019,5,1,4
02/05/2019,1195.446,16.5,10.3,0,2019,5,2,5
03/05/2019,1228.49,16.7,8.2,0,2019,5,3,6
04/05/2019,1162.90975,12.6,3.6,0,2019,5,4,7
05/05/2019,1168.521,12.3,4.1,0,2019,5,5,1
06/05/2019,1324.5645,13.6,4.3,0,2019,5,6,2
07/05/2019,1288.8525,17.3,5.9,0,2019,5,7,3
08/05/2019,1133.15475,15.8,10.6404944777665,1,2019,5,8,4
09/05/2019,1243.4945,15,9.9,0,2019,5,9,5
10/05/2019,1237.69625,17.4,9.9,0,2019,5,10,6
11/05/2019,1090.63925,17.4,9.6,0,2019,5,11,7
12/05/2019,1037.46875,16.5,6.8,0,2019,5,12,1
13/05/2019,1185.1785,18.9,7.1,0,2019,5,13,2
14/05/2019,1179.17475,19.5,8.8,0,2019,5,14,3
15/05/2019,1178.599,19.7,9.7,0,2019,5,15,4
16/05/2019,1177.89975,21.5237242526819,11.3703556216686,0,2019,5,16,5
17/05/2019,1187.8785,21.6167085321866,11.4615882646564,0,2019,5,17,6
18/05/2019,1072.4335,21.7096928116913,11.5528209076441,0,2019,5,18,7
19/05/2019,1021.952,21.8026770911959,11.6440535506319,0,2019,5,19,1
20/05/2019,1175.38875,19.6,11.5,0,2019,5,20,2
21/05/2019,1170.7315,19.9,11.6,0,2019,5,21,3
22/05/2019,1156.95475,22.4,10.6,0,2019,5,22,4
23/05/2019,1143.75575,23.5,10.9,0,2019,5,23,5
24/05/2019,1120.05675,23.1,15.1,0,2019,5,24,6
25/05/2019,996.10325,21.6,13.9,0,2019,5,25,7
26/05/2019,940.89525,19.9,13.7,0,2019,5,26,1
27/05/2019,1101.68275,21,12.373914694534,0,2019,5,27,2
28/05/2019,1131.1395,18.7,11.1,0,2019,5,28,3
29/05/2019,1147.0855,19.8,9.8,0,2019,5,29,4
30/05/2019,988.54175,21.2,14.4,1,2019,5,30,5
31/05/2019,1039.34275,22.9184884452522,14.2,0,2019,5,31,6
01/06/2019,974.344,29.8,14.8,0,2019,6,1,7
02/06/2019,915.343,32.8,17.3,0,2019,6,2,1
03/06/2019,1083.817,29.6,13.0125431954484,0,2019,6,3,2
04/06/2019,1109.101,28.6,15.8,0,2019,6,4,3
05/06/2019,1119.0695,22.7,13.1950084814239,0,2019,6,5,4
06/06/2019,1112.187,21,10.4,0,2019,6,6,5
07/06/2019,1101.78225,19.5,13.3774737673994,0,2019,6,7,6
08/06/2019,985.2305,20.1,11.7,0,2019,6,8,7
09/06/2019,930.73425,21,12.3,0,2019,6,9,1
10/06/2019,981.16775,20.3,13.6511716963627,1,2019,6,10,2
11/06/2019,1133.06475,19.8,9.5,0,2019,6,11,3
12/06/2019,1138.22275,18,9.7,0,2019,6,12,4
13/06/2019,1132.02875,19.8,10.3,0,2019,6,13,5
14/06/2019,1127.9895,23.6,13.5,0,2019,6,14,6
15/06/2019,989.50575,22.6,13.8,0,2019,6,15,7
16/06/2019,932.038,23.4,14.1,0,2019,6,16,1
17/06/2019,1103.568,27.4,13.5,0,2019,6,17,2
18/06/2019,1133.1435,29.7,16.4,0,2019,6,18,3
19/06/2019,1122.896,28.2,14.4722654832526,0,2019,6,19,4
20/06/2019,1118.926,21.5,14.6,0,2019,6,20,5
21/06/2019,1108.82,22.8,13.5,0,2019,6,21,6
22/06/2019,985.0765,25.5,13.5,0,2019,6,22,7
23/06/2019,935.06375,29.9,17.2,0,2019,6,23,1
24/06/2019,1139.82475,31.4,20.4,0,2019,6,24,2
25/06/2019,1186.41025,33.2,21.7,0,2019,6,25,3
26/06/2019,1207.23725,34.6,21,0,2019,6,26,4
27/06/2019,1222.444,33,20.2,0,2019,6,27,5
28/06/2019,1204.5505,33.9,19.5,0,2019,6,28,6
29/06/2019,1089.1615,36.5,21,0,2019,6,29,7
30/06/2019,1016.44375,34.3,19.8,0,2019,6,30,1
01/07/2019,1160.484,26.3,17,0,2019,7,1,2
02/07/2019,1173.18925,26.4,14.5,0,2019,7,2,3
03/07/2019,1173.62475,26.9,14.7,0,2019,7,3,4
04/07/2019,1182.601,28.8,14.2,0,2019,7,4,5
05/07/2019,1195.906,32.3,16.6,0,2019,7,5,6
06/07/2019,1063.34175,32.3,19.2,0,2019,7,6,7
07/07/2019,986.2785,30.3,17.7,0,2019,7,7,1
08/07/2019,1140.29825,24.9,15.5,0,2019,7,8,2
09/07/2019,1133.4,26.1,13.2,0,2019,7,9,3
10/07/2019,1148.06425,28.5,15.7,0,2019,7,10,4
11/07/2019,1164.03075,29.4,19.7,0,2019,7,11,5
12/07/2019,1148.40175,28.7,17.1,0,2019,7,12,6
13/07/2019,1022.4305,26.9,17,0,2019,7,13,7
14/07/2019,945.2335,24.5,14.2,1,2019,7,14,1
15/07/2019,1101.637,25.5,13.2,0,2019,7,15,2
16/07/2019,1146.46,27.1,13.8,0,2019,7,16,3
17/07/2019,1155.4625,29.5,15.7,0,2019,7,17,4
18/07/2019,1149.21525,27.8,17,0,2019,7,18,5
19/07/2019,1148.3715,29.2,17.9,0,2019,7,19,6
20/07/2019,1020.4065,28.5,18.8,0,2019,7,20,7
21/07/2019,975.13625,28.1,17.4,0,2019,7,21,1
22/07/2019,1164.8135,33,17.4,0,2019,7,22,2
23/07/2019,1216.66925,37.6,21,0,2019,7,23,3
24/07/2019,1231.64225,39.5,23.3,0,2019,7,24,4
25/07/2019,1228.47075,42.6,25,0,2019,7,25,5
26/07/2019,1162.26275,39,16.8380753259276,0,2019,7,26,6
27/07/2019,985.32225,26.1,16.3,0,2019,7,27,7
28/07/2019,895.07975,25.1,15.7,0,2019,7,28,1
29/07/2019,1051.37075,29.4,15.5,0,2019,7,29,2
30/07/2019,1068.8315,28.8,17.4,0,2019,7,30,3
31/07/2019,1066.2905,24.4,15.2,0,2019,7,31,4
01/08/2019,1074.07375,27.4,16.5,0,2019,8,1,5
02/08/2019,1059.1865,28.1,17.9,0,2019,8,2,6
03/08/2019,968.366,25.9,16.1,0,2019,8,3,7
04/08/2019,921.7365,31.5,16.9,0,2019,8,4,1
05/08/2019,1027.0535,28.1,18.4,0,2019,8,5,2
06/08/2019,1040.8225,25.5,18.5,0,2019,8,6,3
07/08/2019,1026.85925,26.5,17.4,0,2019,8,7,4
08/08/2019,1047.763,29.9,16.4,0,2019,8,8,5
09/08/2019,1044.128,27.3,16.5484612195665,0,2019,8,9,6
10/08/2019,924.5185,26.1,18.3,0,2019,8,10,7
11/08/2019,884.0835,24.2,14.5,0,2019,8,11,1
12/08/2019,962.87225,21.5,13.8,0,2019,8,12,2
13/08/2019,973.558,27.147833029499,16.3144825206893,0,2019,8,13,3
14/08/2019,985.4775,25.2,14.1,0,2019,8,14,4
15/08/2019,895.741,23.9,17,1,2019,8,15,5
16/08/2019,955.98375,25.4,14.1,0,2019,8,16,6
17/08/2019,918.0605,23.1,17.8,0,2019,8,17,7
18/08/2019,887.27475,22.7,16.0220091470928,0,2019,8,18,1
19/08/2019,1004.34775,23,14.7,0,2019,8,19,2
20/08/2019,1028.29925,23.3,15.8,0,2019,8,20,3
21/08/2019,1031.89075,24.7,12.8,0,2019,8,21,4
22/08/2019,1044.23325,27.3,14.1,0,2019,8,22,5
23/08/2019,1049.973,29.3,14.9,0,2019,8,23,6
24/08/2019,971.50725,31.6,16.6,0,2019,8,24,7
25/08/2019,930.44075,32.8,18.3,0,2019,8,25,1
26/08/2019,1098.8655,33.4,18.5,0,2019,8,26,2
27/08/2019,1129.088,33.4,20.6,0,2019,8,27,3
28/08/2019,1142.12675,29.9,19.2,0,2019,8,28,4
29/08/2019,1141.55775,25.2,15.151386564145,0,2019,8,29,5
30/08/2019,1137.21025,28.8,14.4,0,2019,8,30,6
31/08/2019,1002.2805,31.6,17.6,0,2019,8,31,7
01/09/2019,936.3235,24.2,14.7487213789516,0,2019,9,1,1
02/09/2019,1079.80925,23.2,12.8,0,2019,9,2,2
03/09/2019,1114.76375,23.7,13.8,0,2019,9,3,3
04/09/2019,1121.36125,24.6,13.1,0,2019,9,4,4
05/09/2019,1108.01975,19.1,12.5,0,2019,9,5,5
06/09/2019,1100.18525,21.5,9.9,0,2019,9,6,6
07/09/2019,982.893,19.9,14.1,0,2019,9,7,7
08/09/2019,938.3625,19.2,11.5,0,2019,9,8,1
09/09/2019,1111.2965,19.8,9.6,0,2019,9,9,2
10/09/2019,1133.796,23.3,11.4,0,2019,9,10,3
11/09/2019,1135.38,24.1,14.5,0,2019,9,11,4
12/09/2019,1138.44775,23.8,17.1,0,2019,9,12,5
13/09/2019,1123.59925,24,16.6,0,2019,9,13,6
14/09/2019,992.3825,26.3,13.8,0,2019,9,14,7
15/09/2019,949.6415,27.7,14.6,0,2019,9,15,1
16/09/2019,1110.76375,25.9,15.7,0,2019,9,16,2
17/09/2019,1126.634,23.5,12.6011737245867,0,2019,9,17,3
18/09/2019,1115.9215,20.1,11,0,2019,9,18,4
19/09/2019,1112.7595,20,10.3,0,2019,9,19,5
20/09/2019,1104.48475,23.7,11.1,0,2019,9,20,6
21/09/2019,986.198,27.7,11.5,0,2019,9,21,7
22/09/2019,924.31475,24,12.2687297439582,0,2019,9,22,1
23/09/2019,1076.06825,22,13,0,2019,9,23,2
24/09/2019,1110.65975,19.6,12.2260627280696,0,2019,9,24,3
25/09/2019,1121.632,19.7,13.4,0,2019,9,25,4
26/09/2019,1127.70025,21.6,16.1,0,2019,9,26,5
27/09/2019,1106.323,20.4,13.7,0,2019,9,27,6
28/09/2019,982.28675,19.5,13.5,0,2019,9,28,7
29/09/2019,941.43725,20.2,13.4,0,2019,9,29,1
30/09/2019,1102.5295,19.1,12.4,0,2019,9,30,2
01/10/2019,1142.97150000014,21.6,11.8691740703189,0,2019,10,1,3
02/10/2019,1136.0155,17.4,11.7440635113043,0,2019,10,2,4
03/10/2019,1178.97875,13.3,5.6,0,2019,10,3,5
04/10/2019,1166.12325,16.8,9.5,0,2019,10,4,6
05/10/2019,1044.16625,17.8,13.2,0,2019,10,5,7
06/10/2019,982.8575,18.3,11.2436212752459,0,2019,10,6,1
07/10/2019,1156.049,17.4,11.9,0,2019,10,7,2
08/10/2019,1174.918,15.5,10.9934001572168,0,2019,10,8,3
09/10/2019,1178.3935,16.8,10.7,0,2019,10,9,4
10/10/2019,1181.2335,18.1,11.1,0,2019,10,10,5
11/10/2019,1163.09225,20,10.8,0,2019,10,11,6
12/10/2019,1022.54675,20.5,11.5,0,2019,10,12,7
13/10/2019,964.8795,24.9,14.7,0,2019,10,13,1
14/10/2019,1120.0175,24.3,15,0,2019,10,14,2
15/10/2019,1157.29375,18.1,10.4418436684436,0,2019,10,15,3
16/10/2019,1178.857,17,11,0,2019,10,16,4
17/10/2019,1190.73225,16.6,11.9,0,2019,10,17,5
18/10/2019,1173.274,17.3,10.6,0,2019,10,18,6
19/10/2019,1061.5605,15,12.1,0,2019,10,19,7
20/10/2019,1027.84925,13,10.6,0,2019,10,20,1
21/10/2019,1206.56475,15,7.7270191495985,0,2019,10,21,2
22/10/2019,1271.57625,14.2,7.4,0,2019,10,22,3
23/10/2019,1249.76825,14.6,10.8,0,2019,10,23,4
24/10/2019,1213.08925,17.3,11.7,0,2019,10,24,5
25/10/2019,1202.02225,17,10.2,0,2019,10,25,6
26/10/2019,1060.053,20.1,10.7,0,2019,10,26,7
27/10/2019,1089.10175,15.9,7.7,0,2019,10,27,1
28/10/2019,1247.7735,13.3,7.4,0,2019,10,28,2
29/10/2019,1290.03475,11.8,8.1,0,2019,10,29,3
30/10/2019,1302.5945,11.4,8.3,0,2019,10,30,4
31/10/2019,1275.958,12.8,8.8,0,2019,10,31,5
01/11/2019,1117.3655,16,10.9,1,2019,11,1,6
02/11/2019,1086.89675,15.9,11.5959510422491,0,2019,11,2,7
03/11/2019,1100.3825,13.3,10.7,0,2019,11,3,1
04/11/2019,1284.7955,15.1,10.5716289692591,0,2019,11,4,2
05/11/2019,1354.83925,13.1,7.6,0,2019,11,5,3
06/11/2019,1377.9815,13.1,9,0,2019,11,6,4
07/11/2019,1417.97225,12.9712606335075,6.664752241405,0,2019,11,7,5
08/11/2019,1476.3135,10.5,4.1,0,2019,11,8,6
09/11/2019,1373.4435,9.8,4.3,0,2019,11,9,7
10/11/2019,1330.70075,7.6,5.6,0,2019,11,10,1
11/11/2019,1357.96075,8.9,4.5,1,2019,11,11,2
12/11/2019,1533.04825,9.1,5.64727244144789,0,2019,11,12,3
13/11/2019,1580.7005,11.1,3.3,0,2019,11,13,4
14/11/2019,1635.01675,7.8,4.9,0,2019,11,14,5
15/11/2019,1658.74425,6.8,0.8,0,2019,11,15,6
16/11/2019,1516.94925,6.7,1,0,2019,11,16,7
17/11/2019,1456.3975,9.2,5.5,0,2019,11,17,1
18/11/2019,1639.12425,8.4,5.3,0,2019,11,18,2
19/11/2019,1663.63825,9.9,5.73875667860419,0,2019,11,19,3
20/11/2019,1684.078,7.5,0.7,0,2019,11,20,4
21/11/2019,1660.22175,10.6,0.8,0,2019,11,21,5
22/11/2019,1563.16975,11.8,5.3,0,2019,11,22,6
23/11/2019,1386.4535,11.8,5.26142397620881,0,2019,11,23,7
24/11/2019,1340.437,12.4,7.1,0,2019,11,24,1
25/11/2019,1473.18425,13.9,7.9,0,2019,11,25,2
26/11/2019,1457.01725,13,10.6,0,2019,11,26,3
27/11/2019,1441.842,12.3,10.3,0,2019,11,27,4
28/11/2019,1448.633,12.5,10.3,0,2019,11,28,5
29/11/2019,1460.835,11.3,4.64941782409903,0,2019,11,29,6
30/11/2019,1408.9165,9.2,4.5,0,2019,11,30,7
01/12/2019,1407.50775,6.3,4.44541577339577,0,2019,12,1,1
02/12/2019,1640.6615,7.1,1.3,0,2019,12,2,2
03/12/2019,1738.38525,6.2,2.5,0,2019,12,3,3
04/12/2019,1771.811,6.5,0.4,0,2019,12,4,4
05/12/2019,1759.72825,3.4,4.03741167198925,0,2019,12,5,5
06/12/2019,1699.7495,9.56119016605128,-0.6,0,2019,12,6,6
07/12/2019,1438.70325,11.8,7.9,0,2019,12,7,7
08/12/2019,1346.6865,12.4,3.92893413078961,0,2019,12,8,1
09/12/2019,1552.9225,10.5,3.89277495038973,0,2019,12,9,2
10/12/2019,1649.8985,8.4,1.4,0,2019,12,10,3
11/12/2019,1667.092,8.5,3.82045658958996,0,2019,12,11,4
12/12/2019,1684.13175,9.2975794384294,2.4,0,2019,12,12,5
13/12/2019,1608.76575,9.1,5.9,0,2019,12,13,6
14/12/2019,1421.00775,12.1,7.1,0,2019,12,14,7
15/12/2019,1333.2635,11.2,8,0,2019,12,15,1
16/12/2019,1489.878,11,8.2,0,2019,12,16,2
17/12/2019,1448.92525,15.4,9,0,2019,12,17,3
18/12/2019,1460.64425,11.3,5.3,0,2019,12,18,4
19/12/2019,1414.012,14.7,8.9,0,2019,12,19,5
20/12/2019,1388.8865,14.4,3.49502396599103,0,2019,12,20,6
21/12/2019,1325.82625,11,7.1,0,2019,12,21,7
22/12/2019,1297.799,10.8,3.42270560519127,0,2019,12,22,1
23/12/2019,1399.638,10.8,7.9,0,2019,12,23,2
24/12/2019,1314.94875,13.5,7.9,0,2019,12,24,3
25/12/2019,1206.6465,11.6,3.31422806399163,1,2019,12,25,4
26/12/2019,1376.345,8.682487740645,4.2,1,2019,12,26,5
27/12/2019,1369.35725,11.6,9.1,0,2019,12,27,6
28/12/2019,1346.4885,9.5,3.20575052279198,0,2019,12,28,7
29/12/2019,1418.912,6.2,1,0,2019,12,29,1
30/12/2019,1569.86,8.3,0.4,0,2019,12,30,2
31/12/2019,1584.62375,5.4,-0.9,0,2019,12,31,3
01/01/2020,1445.429,8.46298280179714,-0.8,1,2020,1,1,4
02/01/2020,1545.035,8.58840563632003,4.3,0,2020,1,2,5
03/01/2020,1500.8125,12.2,3.47429227784647,0,2020,1,3,6
04/01/2020,1444.011,11,4.3,0,2020,1,4,7
05/01/2020,1442.626,9.1,3.85126130315665,0,2020,1,5,1
06/01/2020,1658.8655,8.3,1.6,0,2020,1,6,2
07/01/2020,1630.57725,9.21551980893448,5.5,0,2020,1,7,3
08/01/2020,1558.384,12.4,8.8,0,2020,1,8,4
09/01/2020,1509.8305,12.6,4.08752924349712,0,2020,1,9,5
10/01/2020,1545.438,11.1,4.01717870101227,0,2020,1,10,6
11/01/2020,1478.049,8.8,3.94682815852742,0,2020,1,11,7
12/01/2020,1453.0425,9.2,3.1,0,2020,1,12,1
13/01/2020,1613.55425,9.53095816948757,6.6,0,2020,1,13,2
14/01/2020,1593.64025,12.4,9.5,0,2020,1,14,3
15/01/2020,1565.131,13.1,3.66542598858801,0,2020,1,15,4
16/01/2020,1543.41325,13.9,4.8,0,2020,1,16,5
17/01/2020,1538.756,12.3,3.5247249036183,0,2020,1,17,6
18/01/2020,1498.0945,9.3,2.8,0,2020,1,18,7
19/01/2020,1520.28075,7.5,3.3,0,2020,1,19,1
20/01/2020,1743.5295,6.4,2.3,0,2020,1,20,2
21/01/2020,1792.36975,5.6,0.6,0,2020,1,21,3
22/01/2020,1804.7815,4,-1.1,0,2020,1,22,4
23/01/2020,1797.91,4.5,-0.4,0,2020,1,23,5
24/01/2020,1759.92625,5.4,-0.6,0,2020,1,24,6
25/01/2020,1592.964,6.7,-0.7,0,2020,1,25,7
26/01/2020,1468.742,8.7,2.4,0,2020,1,26,1
27/01/2020,1616.47075,9.3,7.7,0,2020,1,27,2
28/01/2020,1636.61225,8.9,5.5,0,2020,1,28,3
29/01/2020,1618.97625,10,5.3,0,2020,1,29,4
30/01/2020,1593.79025,13.4,4.1,0,2020,1,30,5
31/01/2020,1462.08275,14.7,11.4,0,2020,1,31,6
01/02/2020,1314.46675,14.4,1.96560577782151,0,2020,2,1,7
02/02/2020,1247.01375,16.2,11.1,0,2020,2,2,1
03/02/2020,1385.3905,13.8,1.93744449550402,0,2020,2,3,2
04/02/2020,1510.721,13.9,5.8,0,2020,2,4,3
05/02/2020,1587.958,10.1,2.13379212439962,0,2020,2,5,4
06/02/2020,1636.3915,10.9,2.5,0,2020,2,6,5
07/02/2020,1628.43625,11.8,2,0,2020,2,7,6
08/02/2020,1430.46,10.7,2.42831356774302,0,2020,2,8,7
09/02/2020,1351.98725,9.35493869063353,7.2,0,2020,2,9,1
10/02/2020,1470.49925,14.3,7.2,0,2020,2,10,2
11/02/2020,1534.35225,11.6,4.6,0,2020,2,11,3
12/02/2020,1571.64775,10,4.1,0,2020,2,12,4
13/02/2020,1596.74775,13.6,5,0,2020,2,13,5
14/02/2020,1512.06175,12.3,3.01735645442982,0,2020,2,14,6
15/02/2020,1361.2825,14.2,6.4,0,2020,2,15,7
16/02/2020,1258.27475,18.2,3.21370408332543,0,2020,2,16,1
17/02/2020,1448.2095,16.4,3.31187789777323,0,2020,2,17,2
18/02/2020,1523.4785,11.7,4,0,2020,2,18,3
19/02/2020,1546.5775,10.2,5.4,0,2020,2,19,4
20/02/2020,1520.90375,11.5,3.60639934111663,0,2020,2,20,5
21/02/2020,1534.59275,10.7,2.8,0,2020,2,21,6
22/02/2020,1387.1335,13.1,5.1,0,2020,2,22,7
23/02/2020,1276.302,13.8,9.8,0,2020,2,23,1
24/02/2020,1403.14875,13.2,3.99909459890783,0,2020,2,24,2
25/02/2020,1463.80525,12.5,4.09726841335563,0,2020,2,25,3
26/02/2020,1590.635,7.6,2.8,0,2020,2,26,4
27/02/2020,1630.92925,11.8,3.6,0,2020,2,27,5
28/02/2020,1600.5065,11.2879952907173,1.7,0,2020,2,28,6
29/02/2020,1400.321,13.3,6.5,0,2020,2,29,7
01/03/2020,1359.95,9.5,2.3,0,2020,3,1,1
02/03/2020,1553.22975,9.3,4.2,0,2020,3,2,2
03/03/2020,1616.79375,9.4,2.1,0,2020,3,3,3
04/03/2020,1613.00425,8.7,3.3,0,2020,3,4,4
05/03/2020,1560.6835,12.9,4.882709199882,0,2020,3,5,5
06/03/2020,1589.9385,10,6,0,2020,3,6,6
07/03/2020,1451.399,11.7,3.6,0,2020,3,7,7
08/03/2020,1348.4445,11.3,5.1772306432254,0,2020,3,8,1
09/03/2020,1503.877,12.7,5.5,0,2020,3,9,2
10/03/2020,1504.6265,15.2,7.3,0,2020,3,10,3
11/03/2020,1387.9435,17.4,5.4717520865688,0,2020,3,11,4
12/03/2020,1384.0235,15.4,5.5699259010166,0,2020,3,12,5
13/03/2020,1410.926,12.4,4.9,0,2020,3,13,6
14/03/2020,1301.85425,11.9,6.9,0,2020,3,14,7
15/03/2020,1200.369,17.1,7.4,0,2020,3,15,1
16/03/2020,1341.32225,14.1,7.9,0,2020,3,16,2
17/03/2020,1291.03625,15.7,9,0,2020,3,17,3
18/03/2020,1196.4105,18.4,11,0,2020,3,18,4
19/03/2020,1135.99825,20.9,8.6,0,2020,3,19,5
20/03/2020,1108.38875,17.9,6.21318520787928,0,2020,3,20,6
21/03/2020,1086.90925,10.6,6.5,0,2020,3,21,7
22/03/2020,1101.25825,11.8,5.6,0,2020,3,22,1
23/03/2020,1186.55725,12.1,2,0,2020,3,23,2
24/03/2020,1217.189,13.8,1.9,0,2020,3,24,3
25/03/2020,1238.67275,13.4,1.8,0,2020,3,25,4
26/03/2020,1261.26675,11.7,3.4,0,2020,3,26,5
27/03/2020,1236.34975,13.9,4,0,2020,3,27,6
28/03/2020,1124.36075,17.5,5.7,0,2020,3,28,7
29/03/2020,1098.812,14.1,4.5,0,2020,3,29,1
30/03/2020,1323.42275,10.6,0.1,0,2020,3,30,2
31/03/2020,1296.722,12.7,3,0,2020,3,31,3
01/04/2020,1255.627,14.1,2.1,0,2020,4,1,4
02/04/2020,1250.6605,11.4,3,0,2020,4,2,5
03/04/2020,1214.4235,14.9,7.2,0,2020,4,3,6
04/04/2020,1102.6725,17.9,6.2,0,2020,4,4,7
05/04/2020,1002.10475,23.2,7.2,0,2020,4,5,1
06/04/2020,1062.1945,20.3,10,0,2020,4,6,2
07/04/2020,1070.9135,24.1,10.9,0,2020,4,7,3
08/04/2020,1037.327,25.6,11.1,0,2020,4,8,4
09/04/2020,1008.6575,27.1,11.3,0,2020,4,9,5
10/04/2020,978.51425,26.4,7.27991685024503,0,2020,4,10,6
11/04/2020,917.689,26,13.8,0,2020,4,11,7
12/04/2020,885.55575,26,13.7,0,2020,4,12,1
13/04/2020,903.5175,20.1,7.43230708486871,1,2020,4,13,2
14/04/2020,1016.035,14.5,3.6,0,2020,4,14,3
15/04/2020,1050.47575,20.7,5.6,0,2020,4,15,4
16/04/2020,1028.8965,24.6,8.5,0,2020,4,16,5
17/04/2020,995.9965,24.9,13.6,0,2020,4,17,6
18/04/2020,920.578,24.1,14.7,0,2020,4,18,7
19/04/2020,894.8945,21.2,12.5,0,2020,4,19,1
20/04/2020,993.99575,22.6,10.9,0,2020,4,20,2
21/04/2020,1017.962,21.6,11,0,2020,4,21,3
22/04/2020,1023.3635,23,11.4,0,2020,4,22,4
23/04/2020,1019.71325,26.1,11.4,0,2020,4,23,5
24/04/2020,996.35625,24.7,14.3,0,2020,4,24,6
25/04/2020,911.495,21.5,9.04690233205024,0,2020,4,25,7
26/04/2020,892.57025,21.8,7.9,0,2020,4,26,1
27/04/2020,994.71875,25.6,9.7,0,2020,4,27,2
28/04/2020,1023.29725,19.2,9.57618043243148,0,2020,4,28,3
29/04/2020,1035.30725,16.9,10.3,0,2020,4,29,4
30/04/2020,1041.70475,15,8.7,0,2020,4,30,5
01/05/2020,943.81825,18,8.9,1,2020,5,1,6
02/05/2020,954.85825,17.9,7.7,0,2020,5,2,7
03/05/2020,921.59,21.2,10.7,0,2020,5,3,1
04/05/2020,1010.3885,20.6,12.5,0,2020,5,4,2
05/05/2020,1020.697,17.2,10.9,0,2020,5,5,3
06/05/2020,1014.9635,21.9,12.2,0,2020,5,6,4
07/05/2020,1009.12525,23.4,9.6,0,2020,5,7,5
08/05/2020,915.89225,25.6,11.7,1,2020,5,8,6
09/05/2020,895.37475,24.7,10.7501262862422,0,2020,5,9,7
10/05/2020,876.559,23.4,10.84135892923,0,2020,5,10,1
11/05/2020,1040.3205,18.7,6.3,0,2020,5,11,2
12/05/2020,1094.63875,15.5,5.1,0,2020,5,12,3
13/05/2020,1113.67175,17.1,6.6,0,2020,5,13,4
14/05/2020,1109.99075,16.4,5.5,0,2020,5,14,5
15/05/2020,1086.0695,18.8,5.9,0,2020,5,15,6
16/05/2020,972.787,20,7.6,0,2020,5,16,7
17/05/2020,911.7585,21.5,8.9,0,2020,5,17,1
18/05/2020,1026.16275,24.2,11.5,0,2020,5,18,2
19/05/2020,1028.7575,25.1,11.6,0,2020,5,19,3
20/05/2020,1023.50775,28.7,13.8,0,2020,5,20,4
21/05/2020,918.8975,30.5,16.3,1,2020,5,21,5
22/05/2020,951.3995,28.5,17.5,0,2020,5,22,6
23/05/2020,902.2225,20.3,11.9,0,2020,5,23,7
24/05/2020,865.1955,20.9,10.4,0,2020,5,24,1
25/05/2020,1003.45525,24.6,11.9,0,2020,5,25,2
26/05/2020,1031.4595,26,14.1,0,2020,5,26,3
27/05/2020,1028.54075,26.6,15,0,2020,5,27,4
28/05/2020,1023.3145,25.3,12.6,0,2020,5,28,5
29/05/2020,1008.81925,25.6,13.8,0,2020,5,29,6
30/05/2020,908.52625,26.1,13.4,0,2020,5,30,7
31/05/2020,853.25125,24.4,14.8,0,2020,5,31,1
01/06/2020,893.5895,27.7,14.1,1,2020,6,1,2
02/06/2020,1034.6665,30.4,16.4,0,2020,6,2,3
03/06/2020,1051.197,28.4,13.0309423609363,0,2020,6,3,4
04/06/2020,1045.40875,23.9,12.4,0,2020,6,4,5
05/06/2020,1026.35625,18,11.4,0,2020,6,5,6
06/06/2020,918.946,18.7,11.1,0,2020,6,6,7
07/06/2020,879.1395,20.5,10,0,2020,6,7,1
08/06/2020,1023.256,19.5,11.7,0,2020,6,8,2
09/06/2020,1058.67025,20.1,11.6,0,2020,6,9,3
10/06/2020,1072.6015,20.9,10.7,0,2020,6,10,4
11/06/2020,1070.044,24.2,12.4,0,2020,6,11,5
12/06/2020,1052.95975,21.5,13.9,0,2020,6,12,6
13/06/2020,937.4715,24.9,13,0,2020,6,13,7
14/06/2020,887.84275,23.3,13.2,0,2020,6,14,1
15/06/2020,1029.152,22.5,13.8,0,2020,6,15,2
16/06/2020,1057.382,23.8,14.5,0,2020,6,16,3
17/06/2020,1057.61575,21.6,14.1,0,2020,6,17,4
18/06/2020,1059.65575,22.3,14.2,0,2020,6,18,5
19/06/2020,1032.8525,21.1,13,0,2020,6,19,6
20/06/2020,938.72675,25,15.9,0,2020,6,20,7
21/06/2020,879.8315,23.8,14.7,0,2020,6,21,1
22/06/2020,1045.86275,25.2,12.9,0,2020,6,22,2
23/06/2020,1074.06625,30.3,15.3,0,2020,6,23,3
24/06/2020,1095.35175,33.4,17.9,0,2020,6,24,4
25/06/2020,1113.35175,35.2,20.2,0,2020,6,25,5
26/06/2020,1084.003,31.8,20.9,0,2020,6,26,6
27/06/2020,946.581,29.1,18.3,0,2020,6,27,7
28/06/2020,898.17,24.1,16.2,0,2020,6,28,1
29/06/2020,1048.36825,23.5,15,0,2020,6,29,2
30/06/2020,1077.85,22.3,16,0,2020,6,30,3
01/07/2020,1095.359,23.6,18,0,2020,7,1,4
02/07/2020,1089.3735,22.1,15.1,0,2020,7,2,5
03/07/2020,1070.85025,23,13.6,0,2020,7,3,6
04/07/2020,951.93825,24,14.6,0,2020,7,4,7
05/07/2020,916.9935,24.4,15.8319907472137,0,2020,7,5,1
06/07/2020,1064.75525,23.6,12.4,0,2020,7,6,2
07/07/2020,1098.2015,25.3,12.4,0,2020,7,7,3
08/07/2020,1111.923,27.8,14,0,2020,7,8,4
09/07/2020,1131.674,31.7,16.9,0,2020,7,9,5
10/07/2020,1104.81,30.3,16.1401587254888,0,2020,7,10,6
11/07/2020,970.00725,24.6,13.2,0,2020,7,11,7
12/07/2020,911.79525,26.5,12.8,0,2020,7,12,1
13/07/2020,1019.94425,27.8,14.8,0,2020,7,13,2
14/07/2020,960.41375,25.7,16.6,1,2020,7,14,3
15/07/2020,1083.32,22.4,16.3,0,2020,7,15,4
16/07/2020,1100.15575,20.9,15.6,0,2020,7,16,5
17/07/2020,1100.4695,27.3,15.7,0,2020,7,17,6
18/07/2020,984.34625,29,16.8,0,2020,7,18,7
19/07/2020,929.629,31,16.2,0,2020,7,19,1
20/07/2020,1086.691,29,16.8,0,2020,7,20,2
21/07/2020,1116.45725,26.6,14.3,0,2020,7,21,3
22/07/2020,1115.384,25.8,13.6,0,2020,7,22,4
23/07/2020,1127.46925,28.8,14.9,0,2020,7,23,5
24/07/2020,1103.37375,26.1,17.6,0,2020,7,24,6
25/07/2020,981.5935,27.5,17.2,0,2020,7,25,7
26/07/2020,924.61025,25.9,16.1,0,2020,7,26,1
27/07/2020,1081.41575,32,15.7,0,2020,7,27,2
28/07/2020,1101.65125,29.6,18,0,2020,7,28,3
29/07/2020,1112.52725,27.1,14.4,0,2020,7,29,4
30/07/2020,1125.92025,33.2,15,0,2020,7,30,5
31/07/2020,1119.52075,39.3,20.8,0,2020,7,31,6
01/08/2020,989.44375,31.4,19.5,0,2020,8,1,7
02/08/2020,905.64625,26.3,16.8,0,2020,8,2,1
03/08/2020,991.9995,23.3,15.6,0,2020,8,3,2
04/08/2020,1000.53725,26.6,13.9,0,2020,8,4,3
05/08/2020,1012.68675,31.4,13.8,0,2020,8,5,4
06/08/2020,1037.28075,35.1,17.1,0,2020,8,6,5
07/08/2020,1049.78575,37.1,21,0,2020,8,7,6
08/08/2020,980.45925,37.8,22.8,0,2020,8,8,7
09/08/2020,936.4865,39.1,24.3,0,2020,8,9,1
10/08/2020,1042.76775,36.5,22.7,0,2020,8,10,2
11/08/2020,1065.8435,36.8,22.9,0,2020,8,11,3
12/08/2020,1045.44275,36.4,22.1,0,2020,8,12,4
13/08/2020,1009.2765,28.7,19.5,0,2020,8,13,5
14/08/2020,998.871,27.1,18.9,0,2020,8,14,6
15/08/2020,922.967,28.5,18.9,1,2020,8,15,7
16/08/2020,880.02275,27.6,17.7,0,2020,8,16,1
17/08/2020,977.31425,24.3,17,0,2020,8,17,2
18/08/2020,1012.60225,27,16.6,0,2020,8,18,3
19/08/2020,1032.49475,26,17.4,0,2020,8,19,4
20/08/2020,1050.25175,31.6,20.3,0,2020,8,20,5
21/08/2020,1044.74375,29.2,20.4,0,2020,8,21,6
22/08/2020,943.7335,26.8,16.9,0,2020,8,22,7
23/08/2020,889.02375,23.1,15.5,0,2020,8,23,1
24/08/2020,1026.64125,22.9,14.3,0,2020,8,24,2
25/08/2020,1059.626,29.4,15.6,0,2020,8,25,3
26/08/2020,1075.18075,25.3,16.2,0,2020,8,26,4
27/08/2020,1081.92275,26.6,14.3,0,2020,8,27,5
28/08/2020,1056.55275,23.8,15.1,0,2020,8,28,6
29/08/2020,932.6355,18.2,12.3,0,2020,8,29,7
30/08/2020,887.661,21.6,13.1,0,2020,8,30,1
31/08/2020,1040.809,20.5,13.4,0,2020,8,31,2
01/09/2020,1070.325,22.1,11.7,0,2020,9,1,3
02/09/2020,1082.40575,22.4,11.3,0,2020,9,2,4
03/09/2020,1086.785,27.7,14.9,0,2020,9,3,5
04/09/2020,1085.532,29.3,18.1,0,2020,9,4,6
05/09/2020,950.91325,24.8,15.5,0,2020,9,5,7
06/09/2020,905.70275,20.1,12.2,0,2020,9,6,1
07/09/2020,1056.17725,22.8,12.2,0,2020,9,7,2
08/09/2020,1089.50725,26,15,0,2020,9,8,3
09/09/2020,1096.78625,26.9,19.3,0,2020,9,9,4
10/09/2020,1099.215,26.2,16.9,0,2020,9,10,5
11/09/2020,1086.6045,26.1,15.9,0,2020,9,11,6
12/09/2020,967.612,23.6,14.3,0,2020,9,12,7
13/09/2020,925.154,28.6,13.7,0,2020,9,13,1
14/09/2020,1090.56575,33.5,15.2,0,2020,9,14,2
15/09/2020,1126.919,34.3,18,0,2020,9,15,3
16/09/2020,1128.19075,31.4,18.7,0,2020,9,16,4
17/09/2020,1108.77875,28,17.2,0,2020,9,17,5
18/09/2020,1095.254,27.5,14.3,0,2020,9,18,6
19/09/2020,985.23425,29,12.3511294332791,0,2020,9,19,7
20/09/2020,921.0205,28,17.2,0,2020,9,20,1
21/09/2020,1068.62575,26.3,15.2,0,2020,9,21,2
22/09/2020,1091.855,26,13.2,0,2020,9,22,3
23/09/2020,1084.25575,22.5,12.2657954015018,0,2020,9,23,4
24/09/2020,1084.275,17.9,12.2444618935575,0,2020,9,24,5
25/09/2020,1098.79575,13.7,8.7,0,2020,9,25,6
26/09/2020,1016.047,15,8.8,0,2020,9,26,7
27/09/2020,1023.6995,14.6,10.3,0,2020,9,27,1
28/09/2020,1190.8585,15.5,12.2,0,2020,9,28,2
29/09/2020,1196.9375,17.8,13.2,0,2020,9,29,3
30/09/2020,1169.222,19.8,14.6,0,2020,9,30,4
01/10/2020,1184.21700000033,16.8,11.8875732358068,0,2020,10,1,5
02/10/2020,1199.8165,14.6,11,0,2020,10,2,6
03/10/2020,1090.0225,14.9,8.6,0,2020,10,3,7
04/10/2020,1043.30025,15.4,8.9,0,2020,10,4,1
05/10/2020,1225.97775,14,10.5,0,2020,10,5,2
06/10/2020,1238.85175,16.3,11.9,0,2020,10,6,3
07/10/2020,1214.09925,17.6,12,0,2020,10,7,4
08/10/2020,1192.58675,18.9,13.7,0,2020,10,8,5
09/10/2020,1179.794,17.8,10.8866887636901,0,2020,10,9,6
10/10/2020,1080.772,14.9,10.1,0,2020,10,10,7
11/10/2020,1080.08225,14,10.6364676456609,0,2020,10,11,1
12/10/2020,1283.172,14.2,7.8,0,2020,10,12,2
13/10/2020,1317.377,13.6,10.3862465276318,0,2020,10,13,3
14/10/2020,1337.36,14.4,7.6,0,2020,10,14,4
15/10/2020,1371.69375,13.9,8.1,0,2020,10,15,5
16/10/2020,1367.30475,15,9.2,0,2020,10,16,6
17/10/2020,1233.01725,13.3,9.88580429157343,0,2020,10,17,7
18/10/2020,1179.3405,15.3,6.4,0,2020,10,18,1
19/10/2020,1328.135,14.9,5.4,0,2020,10,19,2
20/10/2020,1303.98175,14.6,9.8,0,2020,10,20,3
21/10/2020,1235.832,21.2,12.9,0,2020,10,21,4
22/10/2020,1222.10825,19.9,14,0,2020,10,22,5
23/10/2020,1208.31125,18.8,9.13514093748592,0,2020,10,23,6
24/10/2020,1088.9645,16,10.9,0,2020,10,24,7
25/10/2020,1093.0445,15.2,8.88491981945675,0,2020,10,25,1
26/10/2020,1284.59075,14.4,7,0,2020,10,26,2
27/10/2020,1335.94075,16.1212125079576,7.9,0,2020,10,27,3
28/10/2020,1299.1285,14.4,9.5,0,2020,10,28,4
29/10/2020,1278.65075,15.7140941216569,10.4,0,2020,10,29,5
30/10/2020,1229.228,16.3,13.6,0,2020,10,30,6
31/10/2020,1103.816,18,10.4,0,2020,10,31,7
01/11/2020,1062.47425,18.4,12.9,1,2020,11,1,1
02/11/2020,1187.50075,19.9,7.88403534734007,0,2020,11,2,2
03/11/2020,1286.09525,13.7,7.75892478832548,0,2020,11,3,3
04/11/2020,1371.70225,11.9,3.2,0,2020,11,4,4
05/11/2020,1388.653,12.1,4.7,0,2020,11,5,5
06/11/2020,1354.7475,13.7,3.7,0,2020,11,6,6
07/11/2020,1189.99525,16.2,6.9,0,2020,11,7,7
08/11/2020,1102.508,17.8,10.8,0,2020,11,8,1
09/11/2020,1230.49875,13.4749429970033,7.00826143423797,0,2020,11,9,2
10/11/2020,1265.02975,13.2713838038529,6.88315087522339,0,2020,11,10,3
11/11/2020,1164.9195,13.0678246107026,6.7580403162088,1,2020,11,11,4
12/11/2020,1270.08925,14.2,6.63292975719422,0,2020,11,12,5
13/11/2020,1270.03475,15.6,8,0,2020,11,13,6
14/11/2020,1129.11825,17.6,10.4,0,2020,11,14,7
15/11/2020,1103.323,15.2,6.25759808015046,0,2020,11,15,1
16/11/2020,1284.48175,12.0500286449509,6.13248752113588,0,2020,11,16,2
17/11/2020,1331.1335,13.5,6.00737696212129,0,2020,11,17,3
18/11/2020,1329.333,15.9,6.5,0,2020,11,18,4
19/11/2020,1353.63125,14.7,8.5,0,2020,11,19,5
20/11/2020,1434.46875,10,5.5,0,2020,11,20,6
21/11/2020,1359.07,11.3,4.1,0,2020,11,21,7
22/11/2020,1342.08975,11.2,4.6,0,2020,11,22,1
23/11/2020,1496.2425,12.7,8.2,0,2020,11,23,2
24/11/2020,1526.9995,10.5,5.6,0,2020,11,24,3
25/11/2020,1502.37475,12.5,4.1,0,2020,11,25,4
26/11/2020,1495.43725,11.8,4.3,0,2020,11,26,5
27/11/2020,1464.61625,12,4.87181904029022,0,2020,11,27,6
28/11/2020,1334.99775,11.8,4.9,0,2020,11,28,7
29/11/2020,1370.40025,7.9,4.66781698958696,0,2020,11,29,1
30/11/2020,1618.32925,5.8,1,0,2020,11,30,2
01/12/2020,1622.67525,9.2,4.3,0,2020,12,1,3
02/12/2020,1645.315,8.6,6.9,0,2020,12,2,4
03/12/2020,1616.681,7.8,5.8,0,2020,12,3,5
04/12/2020,1608.92675,8.1,4.15781186282881,0,2020,12,4,6
05/12/2020,1541.94425,6.5,3,0,2020,12,5,7
06/12/2020,1504.8685,7,4,0,2020,12,6,1
07/12/2020,1700.804,5.7,2.1,0,2020,12,7,2
08/12/2020,1713.86125,5.7,3.94733329627754,0,2020,12,8,3
09/12/2020,1747.7265,4.3,-0.6,0,2020,12,9,4
10/12/2020,1703.855,7.8,3.1,0,2020,12,10,5
11/12/2020,1632.153,11.6,6,0,2020,12,11,6
12/12/2020,1448.255,11,3.80269657467801,0,2020,12,12,7
13/12/2020,1423.36775,8.9,3,0,2020,12,13,1
14/12/2020,1535.083,12.2,7.7,0,2020,12,14,2
15/12/2020,1510.4545,12.3,3.69421903347837,0,2020,12,15,3
16/12/2020,1529.598,9.18430325970592,5.5,0,2020,12,16,4
17/12/2020,1501.8805,10.8,3.6219006726786,0,2020,12,17,5
18/12/2020,1474.37725,11.8,5.5,0,2020,12,18,6
19/12/2020,1339.1425,11.6,6.3,0,2020,12,19,7
20/12/2020,1294.26625,11.6,3.51342313147896,0,2020,12,20,1
21/12/2020,1437.459,8.96462765335435,7.7,0,2020,12,21,2
22/12/2020,1358.01725,15.5,13.2,0,2020,12,22,3
23/12/2020,1338.30525,14.9,3.40494559027932,0,2020,12,23,4
24/12/2020,1351.60525,11,3.36878640987944,0,2020,12,24,5
25/12/2020,1371.693,6.4,3.33262722947955,1,2020,12,25,6
26/12/2020,1482.33325,6,1.4,1,2020,12,26,7
27/12/2020,1490.3385,7.5,4.2,0,2020,12,27,1
28/12/2020,1541.95575,5.6,3.22414968827991,0,2020,12,28,2
29/12/2020,1556.7095,8.61314668319184,1.9,0,2020,12,29,3
30/12/2020,1578.152,7.4,2.7,0,2020,12,30,4
31/12/2020,1560.97325,6.2,3.11567214708027,0,2020,12,31,5
01/01/2021,1520.209,4.3,0.6,1,2021,1,1,6
02/01/2021,1627.6585,4.7,-0.3,0,2021,1,2,7
03/01/2021,1608.44175,4.5,2.7,0,2021,1,3,1
04/01/2021,1813.77675,3.8,2.6,0,2021,1,4,2
05/01/2021,1872.0465,3.6,2.8,0,2021,1,5,3
06/01/2021,1878.5185,4.3,2.8,0,2021,1,6,4
07/01/2021,1898.5665,4.4,4.24662949395476,0,2021,1,7,5
08/01/2021,1898.72525,4.6,4.17627895146991,0,2021,1,8,6
09/01/2021,1793.78525,4.6,-0.2,0,2021,1,9,7
10/01/2021,1750.51325,4.6,-0.6,0,2021,1,10,1
11/01/2021,1925.09625,5.3,0.5,0,2021,1,11,2
12/01/2021,1863.44825,9.8,4.4,0,2021,1,12,3
13/01/2021,1722.43825,10.1,5.8,0,2021,1,13,4
14/01/2021,1668.62725,11.3,3.75417569656079,0,2021,1,14,5
15/01/2021,1736.47075,10,3.68382515407593,0,2021,1,15,6
16/01/2021,1715.05525,5.44695921681216,-0.2,0,2021,1,16,7
17/01/2021,1574.46075,7.9,1,0,2021,1,17,1
18/01/2021,1757.10025,8.2,2.6,0,2021,1,18,2
19/01/2021,1767.3845,7.3,4.7,0,2021,1,19,3
20/01/2021,1670.81175,12.9,5.3,0,2021,1,20,4
21/01/2021,1614.2275,12.7,5.8,0,2021,1,21,5
22/01/2021,1615.38775,10.2,4.2,0,2021,1,22,6
23/01/2021,1560.67075,6.4,3.34703581058191,0,2021,1,23,7
24/01/2021,1576.5355,3.8,-0.6,0,2021,1,24,1
25/01/2021,1749.86,5.7,1.6,0,2021,1,25,2
26/01/2021,1833.91325,4.7,1,0,2021,1,26,3
27/01/2021,1751.54325,11.0589733934895,2.1,0,2021,1,27,4
28/01/2021,1580.70625,14.3,8,0,2021,1,28,5
29/01/2021,1491.147,12.5,7.83728161334502,0,2021,1,29,6
30/01/2021,1405.8755,13.6,7.2,0,2021,1,30,7
31/01/2021,1378.0485,10.8,6.5,0,2021,1,31,1
01/02/2021,1525.0535,10.2,1.98400494330944,0,2021,2,1,2
02/02/2021,1491.3765,15.3,6.8,0,2021,2,2,3
03/02/2021,1470.65925,13.2,7.65588171450633,0,2021,2,3,4
04/02/2021,1517.02375,11.6,5.4,0,2021,2,4,5
05/02/2021,1466.09575,12.3,7,0,2021,2,5,6
06/02/2021,1376.88475,10.8,5.75069263216152,0,2021,2,6,7
07/02/2021,1421.3505,8.2,4.09232901614168,0,2021,2,7,1
08/02/2021,1706.599,1.3,4.54597736150509,0,2021,2,8,2
09/02/2021,1795.61675,10.3431146795805,-2.9,0,2021,2,9,3
10/02/2021,1813.62425,-0.6,5.78970602066465,0,2021,2,10,4
11/02/2021,1875.44025,9.62088263910539,2.74123417657435,0,2021,2,11,5
12/02/2021,1886.146,12.3632105170969,5.99751809848649,0,2021,2,12,6
13/02/2021,1804.6255,0.6,-4.8,0,2021,2,13,7
14/02/2021,1735.154,9.95510898732866,-4.6,0,2021,2,14,1
15/02/2021,1746.90275,9,1.3,0,2021,2,15,2
16/02/2021,1633.7655,11.9,6.2,0,2021,2,16,3
17/02/2021,1532.0545,13.5,4.4815557760484,0,2021,2,17,4
18/02/2021,1540.10075,10.6,5.16831275603598,0,2021,2,18,5
19/02/2021,1493.03925,11.4637279144403,5.1,0,2021,2,19,6
20/02/2021,1289.94125,11.5143189753716,4.34598197225337,0,2021,2,20,7
21/02/2021,1221.7195,19.1,7.8,0,2021,2,21,1
22/02/2021,1388.4195,15.4,10,0,2021,2,22,2
23/02/2021,1341.687,18.2,10.6,0,2021,2,23,3
24/02/2021,1316.6315,20,9.7,0,2021,2,24,4
25/02/2021,1333.0045,17.5,9,0,2021,2,25,5
26/02/2021,1359.09875,15.2,5.4404670647983,0,2021,2,26,6
27/02/2021,1314.37275,11.5,3.7,0,2021,2,27,7
28/02/2021,1284.539,11.6,3.5,0,2021,2,28,1
01/03/2021,1427.39525,14.2,3.4,0,2021,3,1,2
02/03/2021,1430.1045,17.2,4.8,0,2021,3,2,3
03/03/2021,1411.8575,18.8,8.3,0,2021,3,3,4
04/03/2021,1409.4375,14.5,5.23952954564436,0,2021,3,4,5
05/03/2021,1457.93725,9,5.14882220460192,0,2021,3,5,6
06/03/2021,1391.83075,9.7,0.9,0,2021,3,6,7
07/03/2021,1364.849,10,-0.1,0,2021,3,7,1
08/03/2021,1519.8635,8.7,0.3,0,2021,3,8,2
09/03/2021,1546.24075,12.2,2.5,0,2021,3,9,3
10/03/2021,1535.2425,10.9,3,0,2021,3,10,4
11/03/2021,1438.2355,15.2,7.1,0,2021,3,11,5
12/03/2021,1431.61125,12.2,4.8,0,2021,3,12,6
13/03/2021,1337.2455,12.4,5.59553142002738,0,2021,3,13,7
14/03/2021,1319.88375,11.8,2.5,0,2021,3,14,1
15/03/2021,1478.84,11.2,7,0,2021,3,15,2
16/03/2021,1500.529,10.4,5.3,0,2021,3,16,3
17/03/2021,1496.08925,10.5,6.1,0,2021,3,17,4
18/03/2021,1548.0755,8.3,4.9,0,2021,3,18,5
19/03/2021,1544.88975,9.2,4.1,0,2021,3,19,6
20/03/2021,1445.0795,9.8,2.6,0,2021,3,20,7
21/03/2021,1388.8965,12.2,4.6,0,2021,3,21,1
22/03/2021,1518.63425,9.4,4.1,0,2021,3,22,2
23/03/2021,1477.025,14.9,2.7,0,2021,3,23,3
24/03/2021,1409.6725,18.9,4.1,0,2021,3,24,4
25/03/2021,1365.2285,15.1,6.04332669114131,0,2021,3,25,5
26/03/2021,1346.3975,15.4,5,0,2021,3,26,6
27/03/2021,1234.578,13.8,4.5,0,2021,3,27,7
28/03/2021,1129.1525,17.4,5.6,0,2021,3,28,1
29/03/2021,1261.46075,23.4,6.1,0,2021,3,29,2
30/03/2021,1213.17475,25.5,9.3,0,2021,3,30,3
31/03/2021,1182.3605,26,10.4,0,2021,3,31,4
01/04/2021,1151.17375,25.6,12.2,0,2021,4,1,5
02/04/2021,1138.238,20.7,7.77293938240455,0,2021,4,2,6
03/04/2021,1112.23425,12.7,5.5,0,2021,4,3,7
04/04/2021,1108.8445,13.7,3.4,0,2021,4,4,1
05/04/2021,1166.5965,10.8,8.0645519569659,1,2021,4,5,2
06/04/2021,1406.65375,7.8,0.6,0,2021,4,6,3
07/04/2021,1477.53625,9.9,0,0,2021,4,7,4
08/04/2021,1435.8205,13.4,4.6,0,2021,4,8,5
09/04/2021,1345.7945,16.9,3.7,0,2021,4,9,6
10/04/2021,1187.89625,14.9,7.8,0,2021,4,10,7
11/04/2021,1189.17325,12,4.3,0,2021,4,11,1
12/04/2021,1389.53325,12.1,2.3,0,2021,4,12,2
13/04/2021,1404.52575,12.2,2.2,0,2021,4,13,3
14/04/2021,1400.55275,12.5,3.1,0,2021,4,14,4
15/04/2021,1405.064,11.8,2.8,0,2021,4,15,5
16/04/2021,1410.21875,11.4,3.1,0,2021,4,16,6
17/04/2021,1262.432,14.9,4.5,0,2021,4,17,7
18/04/2021,1195.71625,15,4.5,0,2021,4,18,1
19/04/2021,1296.922,13.4120029723944,5.6,0,2021,4,19,2
20/04/2021,1271.459,19.6,8.3,0,2021,4,20,3
21/04/2021,1241.2915,20.4,8.7,0,2021,4,21,4
22/04/2021,1210.11275,18.3,6.3,0,2021,4,22,5
23/04/2021,1167.5165,20.1,7.4,0,2021,4,23,6
24/04/2021,1036.18025,21,7.3,0,2021,4,24,7
25/04/2021,992.24775,18.1,7.6,0,2021,4,25,1
26/04/2021,1151.74325,19.6,5.8,0,2021,4,26,2
27/04/2021,1177.1415,20.1,6.3,0,2021,4,27,3
28/04/2021,1186.26225,20.8,8.1,0,2021,4,28,4
29/04/2021,1213.1735,14.4,7.4,0,2021,4,29,5
30/04/2021,1223.955,14.6,8,0,2021,4,30,6
01/05/2021,1086.996,12.6,7.96700234289058,1,2021,5,1,7
02/05/2021,1088.72575,14.5,5.8,0,2021,5,2,1
03/05/2021,1223.68225,18.4,5.5,0,2021,5,3,2
04/05/2021,1232.1875,16.3,8.26552176175486,0,2021,5,4,3
05/05/2021,1229.94275,13.8,6.1,0,2021,5,5,4
06/05/2021,1272.75275,10.9,7,0,2021,5,6,5
07/05/2021,1214.987,16.5,5.4,0,2021,5,7,6
08/05/2021,1016.77525,22.4,9.3,1,2021,5,8,7
09/05/2021,942.6505,28.1,13.4,0,2021,5,9,1
10/05/2021,1098.4815,20.3,12,0,2021,5,10,2
11/05/2021,1148.637,17.3,9.5,0,2021,5,11,3
12/05/2021,1162.69875,16.2,7.3,0,2021,5,12,4
13/05/2021,1042.39575,17.9,8.3,1,2021,5,13,5
14/05/2021,1090.56875,14.2,8.8,0,2021,5,14,6
15/05/2021,1048.58175,17,9.4,0,2021,5,15,7
16/05/2021,1015.8835,17.8,9,0,2021,5,16,1
17/05/2021,1147.75075,16.6,10.5,0,2021,5,17,2
18/05/2021,1189.2325,17,10.1,0,2021,5,18,3
19/05/2021,1187.875,16,9.9,0,2021,5,19,4
20/05/2021,1178.0675,17.9,7.7,0,2021,5,20,5
21/05/2021,1148.87175,19.2,11.2,0,2021,5,21,6
22/05/2021,1044.84975,16.7,10.1,0,2021,5,22,7
23/05/2021,989.48875,18.6,8.7,0,2021,5,23,1
24/05/2021,1036.788,17.3,9.2,1,2021,5,24,2
25/05/2021,1189.78025,16.1,7.6,0,2021,5,25,3
26/05/2021,1188.3495,16.1,9.9,0,2021,5,26,4
27/05/2021,1160.07875,22,8.9,0,2021,5,27,5
28/05/2021,1102.9015,23.8,11.3,0,2021,5,28,6
29/05/2021,969.51,23.6,12,0,2021,5,29,7
30/05/2021,912.763,24.2,12.9,0,2021,5,30,1
31/05/2021,1055.58125,25.1,14.5,0,2021,5,31,2
01/06/2021,1072.14125,28.7,13.9,0,2021,6,1,3
02/06/2021,1082.75625,27.9,16.8,0,2021,6,2,4
03/06/2021,1090.36675,28.7,18,0,2021,6,3,5
04/06/2021,1075.53575,23.2,13.1254889897444,0,2021,6,4,6
05/06/2021,948.574,19.9,13.4,0,2021,6,5,7
06/06/2021,905.296,24.1,12.3,0,2021,6,6,1
07/06/2021,1062.89575,24.7,13.5,0,2021,6,7,2
08/06/2021,1088.55875,26.3,15,0,2021,6,8,3
09/06/2021,1100.67525,28.3,15.7,0,2021,6,9,4
10/06/2021,1104.89525,27.8,17.7,0,2021,6,10,5
11/06/2021,1097.97525,26.6,16.5,0,2021,6,11,6
12/06/2021,979.49175,26.2,17.1,0,2021,6,12,7
13/06/2021,932.32325,27.4,15.5,0,2021,6,13,1
14/06/2021,1101.085,31.1,15.9,0,2021,6,14,2
15/06/2021,1140.937,30.1,18.2,0,2021,6,15,3
16/06/2021,1154.306,33.3,20.3,0,2021,6,16,4
17/06/2021,1131.104,29.8,19.2,0,2021,6,17,5
18/06/2021,1102.61625,26.8,18.8,0,2021,6,18,6
19/06/2021,997.12475,26.8,18.2,0,2021,6,19,7
20/06/2021,930.47975,25.6,15.7,0,2021,6,20,1
21/06/2021,1079.49075,25.9,16.9,0,2021,6,21,2
22/06/2021,1099.84075,23.7,13.707836580235,0,2021,6,22,3
23/06/2021,1101.05425,16.6,13.4,0,2021,6,23,4
24/06/2021,1091.47975,21.5,13,0,2021,6,24,5
25/06/2021,1073.3615,21.4,11.2,0,2021,6,25,6
26/06/2021,972.90425,22,15.6,0,2021,6,26,7
27/06/2021,922.99525,24.5,17.4,0,2021,6,27,1
28/06/2021,1076.683,25.7,14.8228659942674,0,2021,6,28,2
29/06/2021,1096.78075,22.7,13.4,0,2021,6,29,3
30/06/2021,1090.688,18.4,13.9,0,2021,6,30,4
01/07/2021,1096.39425,23.7,13.6,0,2021,7,1,5
02/07/2021,1098.81175,27.4,16,0,2021,7,2,6
03/07/2021,978.93525,25.3,18.3,0,2021,7,3,7
04/07/2021,923.83375,24,16.7,0,2021,7,4,1
05/07/2021,1076.929,22.7,14.7,0,2021,7,5,2
06/07/2021,1089.71825,23.3,16.3,0,2021,7,6,3
07/07/2021,1098.218,23.8,14.8,0,2021,7,7,4
08/07/2021,1098.24225,23.3,14.5,0,2021,7,8,5
09/07/2021,1088.87425,22.3,15.7,0,2021,7,9,6
10/07/2021,979.13425,21.1,16.5,0,2021,7,10,7
11/07/2021,925.89375,24.4,15,0,2021,7,11,1
12/07/2021,1075.49825,24.3,16.8,0,2021,7,12,2
13/07/2021,1077.4115,19.3,14.2590345396737,0,2021,7,13,3
14/07/2021,952.3105,21.7,15.6,1,2021,7,14,4
15/07/2021,1062.87525,24.9,16.7,0,2021,7,15,5
16/07/2021,1068.40125,23.8,16.9,0,2021,7,16,6
17/07/2021,969.78175,26.4,14.2,0,2021,7,17,7
18/07/2021,924.666,29.9,16.7,0,2021,7,18,1
19/07/2021,1093.864,30.3,18.6,0,2021,7,19,2
20/07/2021,1127.47725,29.2,19.1,0,2021,7,20,3
21/07/2021,1139.78175,30,19,0,2021,7,21,4
22/07/2021,1143.6265,29.3,18.7,0,2021,7,22,5
23/07/2021,1125.06,30.3,18.1,0,2021,7,23,6
24/07/2021,993.86525,28.2,18.7,0,2021,7,24,7
25/07/2021,933.336,24.3,17.7,0,2021,7,25,1
26/07/2021,1070.817,25,16.3,0,2021,7,26,2
27/07/2021,1100.6365,23.1,16.7475308448001,0,2021,7,27,3
28/07/2021,1087.89025,24,15.9,0,2021,7,28,4
29/07/2021,1080.1125,23.4,14.5,0,2021,7,29,5
30/07/2021,1051.488,23.3,14.6,0,2021,7,30,6
31/07/2021,945.44675,23.4,14.7,0,2021,7,31,7
01/08/2021,880.588,23.5,15.3,0,2021,8,1,1
02/08/2021,981.01575,23.6,14.9,0,2021,8,2,2
03/08/2021,1004.1445,19.9,15.2,0,2021,8,3,3
04/08/2021,1006.2995,20.9,12,0,2021,8,4,4
05/08/2021,985.86875,25,16.5,0,2021,8,5,5
06/08/2021,977.55,23.8,16.5,0,2021,8,6,6
07/08/2021,896.24725,22.6,13.9,0,2021,8,7,7
08/08/2021,861.5705,23,13.5,0,2021,8,8,1
09/08/2021,944.62125,23.2,13.7,0,2021,8,9,2
10/08/2021,983.60375,24.5,16.5,0,2021,8,10,3
11/08/2021,1006.30375,27.2,16.4,0,2021,8,11,4
12/08/2021,1021.558,30.5,17.2,0,2021,8,12,5
13/08/2021,1026.8795,29.4,17.7,0,2021,8,13,6
14/08/2021,969.29025,31,16.2,0,2021,8,14,7
15/08/2021,914.72875,29.9,18.1,1,2021,8,15,1
16/08/2021,987.0965,25.3,17,0,2021,8,16,2
17/08/2021,1006.74275,25.6726562409343,15.9310208496319,0,2021,8,17,3
18/08/2021,1011.07575,25.770942315169,15.7173879831956,0,2021,8,18,4
19/08/2021,1015.7455,26.0393352432005,15.6852168677254,0,2021,8,19,5
20/08/2021,1024.52725,26.6558216748304,16.2100497170622,0,2021,8,20,6
21/08/2021,951.51075,27.3694110012958,16.9679912010231,0,2021,8,21,7
22/08/2021,900.982,27.1672985852352,16.5729113668669,0,2021,8,22,1
23/08/2021,1029.6835,27.6305507935071,16.6314798780741,0,2021,8,23,2
24/08/2021,1051.16875,25.2202067066803,14.836568042722,0,2021,8,24,3
25/08/2021,1060.354,25.4138828075215,15.37404917046,0,2021,8,25,4
26/08/2021,1071.5685,26.7608311960556,16.3720209165942,0,2021,8,26,5
27/08/2021,1056.66525,28.2862959232209,17.6742710180798,0,2021,8,27,6
28/08/2021,955.25875,25.471727004273,15.0891995144153,0,2021,8,28,7
29/08/2021,919.10225,24.7973963758915,14.8492163211232,0,2021,8,29,1
30/08/2021,1068.98625,24.229788136964,14.2531989678131,0,2021,8,30,2
31/08/2021,1100.31125,24.6514152883536,14.6872921904724,0,2021,8,31,3
01/09/2021,1098.002,23.0832392962616,14.1683124153851,0,2021,9,1,4
02/09/2021,1100.07975,22.8305358192696,14.3624224447523,0,2021,9,2,5
03/09/2021,1101.7295,23.1567729440527,14.0454016732374,0,2021,9,3,6
04/09/2021,987.62975,24.2762999708681,15.0754974659607,0,2021,9,4,7
05/09/2021,947.98775,25.4211359433416,15.6783893779387,0,2021,9,5,1
06/09/2021,1105.6085,27.1583325811862,16.7865765189382,0,2021,9,6,2
07/09/2021,1128.98,26.5822880270393,16.3329604592099,0,2021,9,7,3
08/09/2021,1126.75275,25.4441755015562,16.1056726132001,0,2021,9,8,4
09/09/2021,1120.70125,24.1533584415448,15.3408565705713,0,2021,9,9,5
10/09/2021,1100.95125,24.3251781635705,15.0043129619873,0,2021,9,10,6
11/09/2021,979.11175,23.9584991613044,15.2501169438938,0,2021,9,11,7
12/09/2021,934.683,24.3902754961423,15.0238035134213,0,2021,9,12,1
13/09/2021,1088.17275,25.4037336240732,16.0344558235918,0,2021,9,13,2
14/09/2021,1120.108,23.4616254938948,15.4569398229323,0,2021,9,14,3
15/09/2021,1121.7315,23.5828541549892,15.7095860778717,0,2021,9,15,4
16/09/2021,1114.931,22.1000738623655,13.8892835479549,0,2021,9,16,5
17/09/2021,1094.959,23.0904924320818,14.4726526228638,0,2021,9,17,6
18/09/2021,976.169,22.6284234032091,13.9673426105961,0,2021,9,18,7
19/09/2021,924.77025,21.7592334945872,13.6366197906266,0,2021,9,19,1
20/09/2021,1077.43175,20.2354816356508,11.816364329591,0,2021,9,20,2
21/09/2021,1100.102,20.1287592461967,12.172398489609,0,2021,9,21,3
22/09/2021,1107.4865,20.3151822112177,12.4055394098682,0,2021,9,22,4
23/09/2021,1113.83275,21.0557933515702,12.2182716535339,0,2021,9,23,5
24/09/2021,1100.625,21.9709654052664,13.4425568301406,0,2021,9,24,6
25/09/2021,991.34325,22.0506659808333,14.0317319104178,0,2021,9,25,7
26/09/2021,926.289,22.4234149395204,14.5370096370505,0,2021,9,26,1
27/09/2021,1080.14825,22.5373904647947,14.4853156845112,0,2021,9,27,2
28/09/2021,1114.0965,21.6132524070493,13.4746956599758,0,2021,9,28,3
29/09/2021,1113.23825,21.4515818684719,13.150832615428,0,2021,9,29,4
30/09/2021,1136.1155,20.9979491548186,12.5031213095785,0,2021,9,30,5
01/10/2021,1145.38550000036,21.2174638901476,12.5421346980817,0,2021,10,1,6
02/10/2021,1014.1715,21.6710966038009,13.1898460039311,0,2021,10,2,7
03/10/2021,977.94775,19.8586534499363,12.7225749646293,0,2021,10,3,1
04/10/2021,1125.92825,17.1496237410432,10.2282108020073,0,2021,10,4,2
05/10/2021,1149.93375,19.2848782832331,11.4144717888942,0,2021,10,5,3
06/10/2021,1173.03775,18.9531008908587,10.9091469933804,0,2021,10,6,4
07/10/2021,1190.2145,18.7177997331353,10.7471905770945,0,2021,10,7,5
08/10/2021,1164.823,18.8160858073699,10.5335577106582,0,2021,10,8,6
09/10/2021,1053.26275,18.2877362665263,10.455498648017,0,2021,10,9,7
10/10/2021,1025.86175,17.9969572708497,9.68490888565487,0,2021,10,10,1
11/10/2021,1187.1955,19.0827658671725,11.0193919547381,0,2021,10,11,2
12/10/2021,1235.699,18.7262360483547,10.6047892835128,0,2021,10,12,3
13/10/2021,1241.294,18.5561291945578,10.4233275325467,0,2021,10,13,4
14/10/2021,1267.01675,17.6869392859359,10.0926047125772,0,2021,10,14,5
15/10/2021,1247.84625,19.1714324467885,11.394901882944,0,2021,10,15,6
16/10/2021,1126.61075,17.5639977566126,10.3579638171878,0,2021,10,16,7
17/10/2021,1086.50025,18.044652284153,10.060465882742,0,2021,10,17,1
18/10/2021,1230.0905,19.0586401009135,10.9998543344228,0,2021,10,18,2
19/10/2021,1191.49925,20.3971521742283,12.1402273741388,0,2021,10,19,3
20/10/2021,1179.39425,19.812671304862,11.8290126079921,0,2021,10,20,4
21/10/2021,1200.442,18.3927457877514,10.617469847549,0,2021,10,21,5
22/10/2021,1248.435,17.5247390585288,9.84000552651897,0,2021,10,22,6
23/10/2021,1150.83275,15.8930816307391,8.82252572656186,0,2021,10,23,7
24/10/2021,1122.147,16.6139240930246,9.88480741800154,0,2021,10,24,1
25/10/2021,1262.87525,16.3062724669093,9.39902024280291,0,2021,10,25,2
26/10/2021,1271.21725,17.0771763012965,9.94337592920875,0,2021,10,26,3
27/10/2021,1279.83825,15.852639753256,8.75130893695348,0,2021,10,27,4
28/10/2021,1263.361,15.852639753256,8.75130893695348,0,2021,10,28,5
29/10/2021,1234.09425,16.7533055353119,9.36691369860271,0,2021,10,29,6
30/10/2021,1120.99325,18.2221092451249,10.5072719550725,0,2021,10,30,7
31/10/2021,1052.98925,19.251786512925,11.6085993206503,0,2021,10,31,1
01/11/2021,1107.242,17.5061535598611,10.6428134732325,1,2021,11,1,2
02/11/2021,1313.8675,14.4793230414043,8.32306878854364,0,2021,11,2,3
03/11/2021,1379.07075,12.2884936899065,6.56717034169466,0,2021,11,3,4
04/11/2021,1435.56175,10.3014896226982,4.68834636945181,0,2021,11,4,5
05/11/2021,1442.71375,11.8421141120735,6.22379924332396,0,2021,11,5,6
06/11/2021,1356.04075,11.8016722345904,6.15258245371558,0,2021,11,6,7
07/11/2021,1283.20875,12.2148630707606,6.72907696995664,0,2021,11,7,1
08/11/2021,1440.845,14.3664337241745,7.96701712613676,0,2021,11,8,2
09/11/2021,1491.14875,13.6039662050067,7.28026014614918,0,2021,11,9,3
10/11/2021,1521.6985,12.8409421666241,6.92998492261821,0,2021,11,10,4
11/11/2021,1365.08475,12.3788731377514,6.42467491035052,1,2021,11,11,5
12/11/2021,1418.89925,14.0997536643719,7.48118288205694,0,2021,11,12,6
13/11/2021,1283.205,14.4478471679703,8.03818684686394,0,2021,11,13,7
14/11/2021,1224.23975,12.3468675754878,6.2110568271604,0,2021,11,14,1
15/11/2021,1449.03575,13.328320141155,7.00809105414068,0,2021,11,15,2
16/11/2021,1496.015,10.4564367142852,4.6366053480313,0,2021,11,16,3
17/11/2021,1491.395,11.2357768638918,5.0385597408554,0,2021,11,17,4
18/11/2021,1495.2415,11.3974474024693,5.36242278540321,0,2021,11,18,5
19/11/2021,1490.23625,11.5434284900072,5.52434691605402,0,2021,11,19,6
20/11/2021,1397.664,12.4687497271517,6.08822543952893,0,2021,11,20,7
21/11/2021,1365.70925,11.5766172316701,5.29122349818366,0,2021,11,21,1
22/11/2021,1555.397,9.41489739480785,4.71368999513534,0,2021,11,22,2
23/11/2021,1605.67975,8.45875377479888,3.48945188740983,0,2021,11,23,3
24/11/2021,1620.14575,10.874628429863,5.19617101088908,0,2021,11,24,4
25/11/2021,1637.63875,10.7361991852561,5.09416998553745,0,2021,11,25,5
26/11/2021,1633.80575,10.5977699406492,4.99216896018582,0,2021,11,26,6
27/11/2021,1543.63275,10.4593406960423,4.89016793483419,0,2021,11,27,7
28/11/2021,1541.103,10.3209114514354,4.78816690948256,0,2021,11,28,1
29/11/2021,1738.99875,10.1824822068285,4.68616588413093,0,2021,11,29,2
30/11/2021,1751.403,10.0440529622216,4.5841648587793,0,2021,11,30,3
01/12/2021,1643.883,9.9056237176147,4.48216383342767,0,2021,12,1,4
02/12/2021,1685.7035,9.86168859634438,4.38016280807604,0,2021,12,2,5
03/12/2021,1722.8175,9.81775347507407,4.27816178272441,0,2021,12,3,6
04/12/2021,1475.842,9.77381835380375,4.17616075737279,0,2021,12,4,7
05/12/2021,1500.93125,9.72988323253344,4.07415973202115,0,2021,12,5,1
06/12/2021,1667.73275,9.68594811126312,4.03800055162127,0,2021,12,6,2
07/12/2021,1685.0905,9.64201298999281,4.00184137122139,0,2021,12,7,3
08/12/2021,1699.431,9.5980778687225,3.96568219082151,0,2021,12,8,4
09/12/2021,1725.0065,9.55414274745218,3.92952301042163,0,2021,12,9,5
10/12/2021,1701.2165,9.51020762618187,3.89336383002175,0,2021,12,10,6
11/12/2021,1585.45425,9.46627250491156,3.85720464962187,0,2021,12,11,7
12/12/2021,1474.86225,9.42233738364124,3.82104546922199,0,2021,12,12,1
13/12/2021,1609.54925,9.37840226237092,3.7848862888221,0,2021,12,13,2
14/12/2021,1663.96725,9.33446714110061,3.74872710842222,0,2021,12,14,3
15/12/2021,1660.313,9.2905320198303,3.71256792802234,0,2021,12,15,4
16/12/2021,1644.372,9.24659689855998,3.67640874762246,0,2021,12,16,5
17/12/2021,1637.291,9.20266177728967,3.64024956722258,0,2021,12,17,6
18/12/2021,1539.8025,9.15872665601935,3.6040903868227,0,2021,12,18,7
19/12/2021,1539.64,9.11479153474904,3.56793120642281,0,2021,12,19,1
20/12/2021,1710.5215,9.07085641347873,3.53177202602293,0,2021,12,20,2
21/12/2021,1772.2905,9.02692129220841,3.49561284562305,0,2021,12,21,3
22/12/2021,1819.89025,8.9829861709381,3.45945366522317,0,2021,12,22,4
23/12/2021,1676.3965,8.93905104966778,3.42329448482329,0,2021,12,23,5
24/12/2021,1456.31275,8.89511592839747,3.38713530442341,0,2021,12,24,6
25/12/2021,1284.03975,8.85118080712716,3.35097612402353,1,2021,12,25,7
26/12/2021,1284.5705,8.80724568585684,3.31481694362365,1,2021,12,26,1
27/12/2021,1377.24175,8.76331056458653,3.27865776322376,0,2021,12,27,2
28/12/2021,1353.5555,8.71937544331622,3.24249858282388,0,2021,12,28,3
29/12/2021,1308.28625,8.6754403220459,3.206339402424,0,2021,12,29,4
30/12/2021,1254.15175,8.63150520077559,3.17018022202412,0,2021,12,30,5
31/12/2021,1269.70225,8.58757007950527,3.13402104162424,0,2021,12,31,6
01/01/2022,1191.411,8.58774074700898,3.13407131256819,1,2022,1,1,7
02/01/2022,1224.55825,8.71316358153187,3.32255582522328,0,2022,1,2,1
03/01/2022,1402.775,8.83858641605476,3.51104033787837,0,2022,1,3,2
04/01/2022,1474.31025,8.96400925057765,3.69952485053346,0,2022,1,4,3
05/01/2022,1621.82725,8.15953846390292,2.86126341862947,0,2022,1,5,4
06/01/2022,1724.6745,6.06581200724056,1.33847360640467,0,2022,1,6,5
07/01/2022,1707.8925,6.5452833553817,1.4877171730193,0,2022,1,7,6
08/01/2022,1530.39925,7.49299066017127,2.85435657432654,0,2022,1,8,7
09/01/2022,1482.092,10.519821178628,5.17410125901541,0,2022,1,9,1
10/01/2022,1669.92875,11.0264113120111,4.33913969922048,0,2022,1,10,2
11/01/2022,1736.97175,11.3901942666491,5.05808257792447,0,2022,1,11,3
12/01/2022,1796.455,9.74884260346865,3.91322567607447,0,2022,1,12,4
13/01/2022,1825.781,9.65571611469941,3.84287513358961,0,2022,1,13,5
14/01/2022,1846.50575,6.7866544695261,2.40075529784434,0,2022,1,14,6
15/01/2022,1739.71425,6.79509078474551,2.2583540042626,0,2022,1,15,7
16/01/2022,1682.42175,7.05504739755762,2.3685841823741,0,2022,1,16,1
17/01/2022,1781.67825,8.19144705481179,3.11387738793388,0,2022,1,17,2
18/01/2022,1784.99675,7.3554458878528,2.55003115009399,0,2022,1,18,3
19/01/2022,1787.687,7.09548927504069,2.43980097198248,0,2022,1,19,4
20/01/2022,1757.56275,7.7698199034222,2.67978416527457,0,2022,1,20,5
21/01/2022,1787.4925,8.91070420454552,3.28007079371079,0,2022,1,21,6
22/01/2022,1680.18875,8.81757771577629,3.20972025122593,0,2022,1,22,7
23/01/2022,1608.21475,8.72445122700705,3.13936970874108,0,2022,1,23,1
24/01/2022,1779.24125,8.63132473823782,3.01303461197578,0,2022,1,24,2
25/01/2022,1850.6385,8.53819824946858,2.88669951521049,0,2022,1,25,3
26/01/2022,1865.4485,8.44507176069935,2.76036441844519,0,2022,1,26,4
27/01/2022,1832.90175,8.35194527193011,2.6340293216799,0,2022,1,27,5
28/01/2022,1765.58675,8.25881878316088,2.5076942249146,0,2022,1,28,6
29/01/2022,1581.584,8.36055860421792,2.3813591281493,0,2022,1,29,7
30/01/2022,1477.6705,8.46229842527496,2.25502403138401,0,2022,1,30,1
31/01/2022,1642.2525,8.564038246332,2.12868893461871,0,2022,1,31,2
01/02/2022,1691.4285,8.66577806738904,2.00235383785342,0,2022,2,1,3
02/02/2022,1593.20975,8.76751788844608,1.87601874108812,0,2022,2,2,4
03/02/2022,1603.877,8.86925770950312,1.97419255553592,0,2022,2,3,5
04/02/2022,1597.6785,8.97099753056017,2.07236636998372,0,2022,2,4,6
